ID,Ultimo_Ingreso,ID_Fab,Detalle,Cantidad,Costo_U,Costo,Venta,Renta,Benf_Cost,Benf_Vent,Cotizacion,Proveedor
108601,22/06/2023,23148,TRUST GAMING COMBO TECLADO  4EN1 GXT1180RW,2.000,34.92760,69.85520000,52.67,-17.18,-24.6,-32.62,,New Bytes INC
118306,20/01/2026,AD5S480016G-S,MEMORIA ADATA SODIMM  DDR5 16GB 4800,3.000,145.58000,436.74000000,109.52,-327.22,-74.92,-298.79,,LASET S.A.
119720,20/04/2025,A620M H 1.0,MOTHER GIGABYTE (AM5) A620M H,2.000,62.98000,125.96000000,141.98,16.02,12.72,11.29,,LASET S.A.
119767,29/07/2025,AORUS FO27Q2 SA,MONITOR GAMER GIGABYTE LED 26.5 AORUS FO27Q2 SA,1.000,505.37000,505.37000000,724.24,218.87,43.31,30.22,,LASET S.A.
119927,19/05/2025,RZ03-04691900-R3U1,TECLADO GAMER RAZER BLACKWIDOW V4 SWITCH YELLOW,3.000,114.27000,342.81000000,383.84,41.03,11.97,10.69,,LASET S.A.
120500,25/04/2025,4902370548563,CONSOLA NINTENDO SWITCH OLED NEON BLUE RED COMAND,1.000,295.04000,295.04000000,370.73,75.69,25.65,20.42,,BAIRES INTERNACIONAL SRL
116795,13/08/2025,NTBSD4N32SP-08,MEMORIA NETAC BASIC DDR4 SODIMM 8GB 3200 C22,1.000,15.15000,15.15000000,14.65,-0.5,-3.32,-3.43,,LASET S.A.
117542,23/04/2026,NT01SA500-120-S3X,DISCO SSD NETAC SA500 2.5 SATA3 120 GB,73.000,6.43000,469.39000000,671.09,201.7,42.97,30.06,,LASET S.A.
118267,26/05/2026,A520M DS3H V2,MOTHER GIGABYTE (AM4) A520M DS3H V2,4.000,55.84000,223.36000000,243.42,20.06,8.98,8.24,,LASET S.A.
119772,30/12/2024,Z890 PRO-A WIFI,MOTHER ASROCK (LGA1851) Z890 PRO-A WIFI,2.000,185.08000,370.16000000,409.58,39.42,10.65,9.62,,LASET S.A.
120474,09/06/2025,TP10A464,PHILCO TABLET 10 4GB 64GB CON FUNDA,1.000,86.09917,86.09917000,99.66,13.56,15.75,13.61,,PILISAR S.A.
120650,03/09/2025,B840M D2H,MOTHER GIGABYTE (AM5) B840M D2H,3.000,85.98000,257.94000000,283.86,25.92,10.05,9.13,,LASET S.A.
116716,26/12/2025,BX8071512700,PROCESADOR INTEL (LGA1700) CORE I7 12700,1.000,264.40000,264.40000000,281.41,17.01,6.43,6.05,,LASET S.A.
118064,26/03/2025,ROG STRIX X670E-E GAMING WIFI,MOTHER ASUS (AM5) ROG STRIX X670E-E GAMING WIFI,1.000,412.00000,412.00000000,470.37,58.37,14.17,12.41,,LASET S.A.
119704,17/02/2025,31730050402,PARLANTE GENIUS SW-2.1 1850BT BLACK,3.000,72.11000,216.33000000,269.02,52.69,24.36,19.59,,LASET S.A.
120095,17/02/2025,31010027400,MOUSE USB GENIUS DX-125S BLACK/GRAY,13.000,2.42000,31.46000000,36.44,4.98,15.84,13.68,,LASET S.A.
117010,09/03/2026,20104,BASE COOLER TRUST AZUL STAND NOTEBOOK,5.000,12.21000,61.05000000,69.31,8.26,13.53,11.91,,LASET S.A.
119141,28/04/2026,100-100001404WOF,PROCESADOR AMD (AM5) RYZEN 7 9700X,2.000,317.61000,635.22000000,667.2,31.98,5.03,4.79,,LASET S.A.
120543,03/06/2025,CL-W376-PL14SW-A,WATER COOLER THERMALTAKE TH420 V2 ARGB SYNC BLACK,3.000,110.00000,330.00000000,385.07,55.07,16.69,14.3,,LASET S.A.
104290,20/07/2023,F4-3600C18D-16GTRS,MEMORIA GSKILL TRIDENT Z ROYAL DDR4 16 GB 3600 RGB SILVER 2X8 1.35,4.000,101.19000,404.76000000,265.76,-139,-34.34,-52.3,,New Bytes INC
118861,01/03/2024,24998,TECLADO GAMER TRUST EVOCX ES GXT 836,1.000,16.75000,16.75000000,21.04,4.29,25.63,20.4,,LASET S.A.
120345,20/04/2025,B860 A ELITE WF7 ICE,MOTHER GIGABYTE (LGA 1851) B860 AORUS ELITE WF7 ICE,1.000,192.83000,192.83000000,206.05,13.22,6.85,6.41,,LASET S.A.
120416,19/05/2026,VG27AQL3A-J,MONITOR 27 ASUS VG27AQL3A QHD 180HZ FAST IPS,107.000,182.35000,19511.45000000,27603.89,8092.44,41.48,29.32,,LASET S.A.
120489,25/04/2025,711719593201,CONSOLA PLAYSTATION PS5 1TB CON LECTORA FORTNINE,2.000,504.13000,1008.26000000,1326.77,318.51,31.59,24.01,,BAIRES INTERNACIONAL SRL
111552,28/10/2025,C11CJ68303U,IMPRESORA EPSON MULTIFUNCION MF L3210 ECO TANK,1.000,172.85442,172.85442000,232.02,59.16,34.23,25.5,,Stylus SA
116371,28/04/2025,NTSDD4P32SP-16B,MEMORIA NETAC SHADOW DDR4 3200 16GB C16 BLUE,10.000,18.25000,182.50000000,274.15,91.65,50.22,33.43,,LASET S.A.
116374,28/04/2025,NTSDD4P32SP-16Y,MEMORIA NETAC SHADOW DDR4 3200 16GB C16 YELLOW,8.000,18.64000,149.12000000,229.23,80.11,53.72,34.95,,LASET S.A.
119448,05/05/2026,GS27FA SA,MONITOR GAMER GIGABYTE 27 GS27FA-SA,15.000,107.35000,1610.25000000,2317.18,706.93,43.9,30.51,,LASET S.A.
119760,14/04/2025,100-100001084WOF,PROCESADOR AMD (AM5) RYZEN 7 9800X3D,25.000,415.54000,10388.50000000,11993.2,1604.7,15.45,13.38,,LASET S.A.
102048,06/11/2024,,SERVICIO DE TRANSPORTE,1140.000,12.60000,14364.00000000,335.14,-14028.86,-97.67,-4185.93,,New Bytes INC
115741,13/05/2026,NT01N535N-256G-N8X,DISCO SSD NETAC N535N M.2 2280 SATAIII 3D NAND SSD 256 GB,4.000,43.74000,174.96000000,67.76,-107.2,-61.27,-158.19,,LASET S.A.
118083,11/12/2025,RZ03-04681900-R3U1,TECLADO GAMER RAZER BLACKWIDOW V4 PRO SW YELLOW,2.000,147.17000,294.34000000,360.29,65.95,22.41,18.3,,LASET S.A.
118932,22/05/2025,PSD532G48002S,MEMORIA PATRIOT SIGNATURE LINE SODIMM DDR5 32GB 4800MT/S PS001641,1.000,60.52000,60.52000000,71.99,11.47,18.95,15.93,,LASET S.A.
119086,03/12/2025,ARX 200G SKOLL,GABINETE GAMER AUREOX SKOLL ARX 200G,2.000,13.56000,27.12000000,64.94,37.82,139.47,58.24,,LASET S.A.
119698,25/06/2025,100-100001584BOX,PROCESADOR AMD (AM4) RYZEN 5 5600T 65W,3.000,86.32000,258.96000000,394.75,135.79,52.44,34.4,,LASET S.A.
120003,15/09/2025,CA-1Z4-00M1WN-00,GABINETE THERMALTAKE VIEW 170 TG ARGB BLACK TEMPERED GLASS,4.000,32.78000,131.12000000,201.99,70.87,54.05,35.09,,LASET S.A.
120234,27/05/2025,TUF-RTX5070TI-O16G-GAMING,PLACA DE VIDEO ASUS TUF RTX 5070 TI OC 16GB GAMING,1.000,984.68000,984.68000000,1108.83,124.15,12.61,11.2,,LASET S.A.
117802,16/04/2025,WDS500G3X0E,DISCO SSD M.2 500GB WD BLACK SN770 NVME,6.000,38.67000,232.02000000,265.74,33.72,14.54,12.69,,LASET S.A.
119736,31/03/2026,ROG STRIX X870E-E GAMING WIFI,MOTHER ASUS (AM5) ROG STRIX X870E-E GAMING WIFI,1.000,455.18000,455.18000000,526.15,70.97,15.59,13.49,,LASET S.A.
119024,28/04/2026,100-100001591BOX,PROCESADOR AMD (AM5) RYZEN 5 8400F C/COOLER,1.000,140.88000,140.88000000,147.03,6.15,4.37,4.18,,LASET S.A.
119111,27/06/2024,G432,AURICULAR GAMER LOGITECH G432,1.000,78.61712,78.61712000,90.66,12.04,15.31,13.28,,CORCISA SA
119906,25/09/2025,ROG STRIX B850-F GAMING WIFI,MOTHER ASUS (AM5) ROG STRIX B850-F GAMING WIFI,1.000,269.38000,269.38000000,301.73,32.35,12.01,10.72,,LASET S.A.
120295,25/03/2025,PSF128GXRB3U,PEN DRIVE PATRIOT XPORTER CORE USB 3.2 128GB PS001781,5.000,6.20000,31.00000000,37.39,6.39,20.62,17.09,,LASET S.A.
120647,26/05/2026,B550M DS3H AC R2,MOTHER GIGABYTE (AM4) B550M DS3H AC R2,5.000,80.65000,403.25000000,441.08,37.83,9.38,8.58,,LASET S.A.
109633,04/12/2025,22946,PARLANTE BARRA DE SONIDO TRUST ARYS,4.000,21.10000,84.40000000,92.14,7.74,9.17,8.4,,LASET S.A.
111454,21/05/2026,100-00000263BOX,PROCESADOR AMD (AM4) RYZEN 7 5700G,20.000,160.85000,3217.00000000,2767.54,-449.46,-13.97,-16.24,,LASET S.A.
118731,27/05/2026,CTB-2000-AP LCD,LYONN UPS CTB-2000-AP LCD,1.000,145.41330,145.41330000,200.81,55.39,38.09,27.59,,SOLYTEC
119715,20/04/2025,B760M G AX,MOTHER GIGABYTE (LGA1700) B760M G AX,1.000,110.97000,110.97000000,128.22,17.25,15.55,13.46,,LASET S.A.
108556,17/06/2025,CA-1Q9-00S1WN-00,GABINETE THERMALTAKE S100 TG BLACK TEMPERED GLASS,5.000,31.99000,159.95000000,197.92,37.97,23.74,19.18,,LASET S.A.
118820,14/04/2026,YD3000C6FHSBX,PROCESADOR AMD (AM4) ATHLON 3000G,4.000,31.15000,124.60000000,177.93,53.33,42.8,29.97,,LASET S.A.
119259,16/04/2026,GP-UD750GM PG5,FUENTE GAMER GIGABYTE 750W PG5 80 PLUS MODULAR GOLD,5.000,68.12000,340.60000000,432.41,91.81,26.95,21.23,,LASET S.A.
119899,31/03/2026,PRIME B760M-A,MOTHER ASUS (LGA1700) PRIME B760M-A,1.000,95.17000,95.17000000,119.58,24.41,25.65,20.42,,LASET S.A.
119930,11/12/2025,RZ03-04970200-R3U1,TECLADO GAMER RAZER HUNTSMAN V3 PRO BLACK OPTICAL ANALOG US-EN,1.000,150.14000,150.14000000,185.38,35.24,23.47,19.01,,LASET S.A.
120223,27/06/2025,UN43CU7000GCZB,SAMSUNG SMART TV LED 43 CRYSTAL UHD 4K CU7000,1.000,283.04730,283.04730000,283.87,0.83,0.29,0.29,,Stylus SA
118837,14/04/2026,100-100001237BOX,PROCESADOR AMD (AM5) RYZEN 5 8600G,7.000,153.25000,1072.75000000,1264.37,191.62,17.86,15.16,,LASET S.A.
7326,07/04/2021,31710045100,AURICULAR + MIC HEADSET GENIUS HS-04SU DUAL PLUG,1.000,11.02500,11.02500000,10.04,-0.99,-8.97,-9.85,,New Bytes INC
108913,17/04/2023,23555,AURICULAR TRUST NIKA COMPACT BT BLACK,1.000,31.77000,31.77000000,33.07,1.3,4.11,3.94,,New Bytes INC
111463,25/03/2025,BX8070110105,PROCESADOR INTEL (LGA1200) CORE I3 10105,1.000,84.45000,84.45000000,93.44,8.99,10.65,9.62,,LASET S.A.
119993,15/09/2025,CA-1X2-00M1WN-01,GABINETE THERMALTAKE S200 PLUS TG ARGB BLACK TEMPERED GLASS,9.000,47.63000,428.67000000,496.99,68.32,15.94,13.75,,LASET S.A.
120251,10/11/2025,DM-TL3WF-NEG,TECLA HUNNOX SMART TACTIL 3 CANALES NEGRO,2.000,6.50000,13.00000000,30.27,17.27,132.87,57.06,,LASET S.A.
103749,18/05/2026,TCA-1200N-V,LYONN ESTABILIZADOR ELECT. TCA-1200N-V,5.000,16.60796,83.03980000,129.7,46.66,56.19,35.98,,SOLYTEC
117731,11/03/2025,9290025248,ACCESORIOS WIZ HUE CABLE 2M RGB LEDSTRIP STARKIT TYPE-C,1.000,29.48174,29.48174000,33.14,3.66,12.41,11.04,,SIGNIFY ARGENTINA S.A.
119729,16/04/2026,GP-P650SS ICE,FUENTE GAMER GIGABYTE 650W ICE 80 PLUS SILVER ATX 3.0 WHITE,10.000,38.32000,383.20000000,412.98,29.78,7.77,7.21,,LASET S.A.
118877,09/03/2026,24982,ACCESORIOS TRUST FUNDA LISBOA 16,2.000,10.43000,20.86000000,27.23,6.37,30.56,23.4,,LASET S.A.
119380,16/10/2025,ZT-A30500K-10M,PLACA DE VIDEO ZOTAC RTX 3050 8GB ECO GDDR6,3.000,192.86000,578.58000000,681.25,102.67,17.74,15.07,,LASET S.A.
113157,21/05/2026,P300P512GM28,DISCO SSD PATRIOT P300 512 GB M.2 2280 PCIE GEN3 X4 PE000691,3.000,79.58000,238.74000000,92.25,-146.49,-61.36,-158.79,,LASET S.A.
118493,31/03/2026,ROG STRIX B550-F GAMING (WI-FI) II,MOTHER ASUS (AM4) ROG STRIX B550-F GAMING (WI-FI) II,2.000,150.00000,300.00000000,379.84,79.84,26.61,21.02,,LASET S.A.
119480,27/03/2025,A520M/AC (BULK),MOTHER ASROCK (AM4) A520M WIFI-AC+BT (BULK),3.000,56.55000,169.65000000,202.4,32.75,19.3,16.18,,LASET S.A.
120374,19/05/2025,11348-02-20G,PLACA DE VIDEO SAPPHIRE PURE RX 9070 XT OC 16GB (WHITE),10.000,678.80000,6788.00000000,8153.09,1365.09,20.11,16.74,,LASET S.A.
120448,04/12/2025,25307,MOUSE TRUST HELOX GAMING WIRELESS LIVIANO BLACK GXT929,5.000,10.98000,54.90000000,68.71,13.81,25.15,20.09,,LASET S.A.
117726,25/06/2025,100-100000593WOF,PROCESADOR AMD (AM5) RYZEN 5 7600X,2.000,204.00000,408.00000000,446.33,38.33,9.39,8.59,,LASET S.A.
118929,22/05/2025,PVER516G60C42W,MEMORIA PATRIOT DDR5 VIPER ELITE 5 16GB 6000 MHZ RGB CL42 WHITE SINGLE PE000942,13.000,39.15000,508.95000000,726.1,217.15,42.67,29.91,,LASET S.A.
120752,15/09/2025,9H.LNFLJ.LBL,MONITOR 27 BENQ GW2791 FHD IPS 100hz,4.000,91.75000,367.00000000,494.1,127.1,34.63,25.72,,New Bytes INC
119935,11/12/2025,RZ01-05120100-R3U1,MOUSE GAMER RAZER VIPER V3 PRO BLACK 35K HYPERSPEED WIRELESS,2.000,96.09000,192.18000000,239.89,47.71,24.83,19.89,,LASET S.A.
120446,29/05/2025,25534,AURICULAR TRUST CARUS MULTIPLATAFORMA WHITE GXT493W,1.000,33.48000,33.48000000,37.67,4.19,12.5,11.11,,LASET S.A.
118085,19/05/2025,RZ01-04640100-R3U1,MOUSE GAMER RAZER DEATHADDER V3,1.000,47.29000,47.29000000,56.01,8.72,18.44,15.57,,LASET S.A.
118872,09/03/2026,21551,ACCESORIOS TRUST PRIMO MALETIN NOTEBOOK 16,2.000,6.92000,13.84000000,22.26,8.42,60.81,37.81,,LASET S.A.
120449,04/12/2025,25390,MOUSE TRUST HELOX GAMING WIRELESS LIVIANO WHITE GXT929W,2.000,10.98000,21.96000000,27.68,5.72,26.06,20.67,,LASET S.A.
6396,07/04/2021,31100060102,GENIUS GRAPHIC TABLET MOUSEPEN I608X,1.000,39.32400,39.32400000,37.74,-1.58,-4.03,-4.2,,New Bytes INC
102393,08/05/2026,CPU G60 GRIS,GRASA SILICONADA  PASTERMAX PARA CPU G60 (GRIS) PASTA TERMICA,3.000,1.32198,3.96594000,7.95,3.99,100.57,50.14,,RUBIÑO ANABEL ROMINA
102464,29/07/2025,ASU650SS-480GT-R,DISCO SSD ADATA SU650 2.5 480 GB,61.000,23.70000,1445.70000000,1568,122.3,8.46,7.8,,ADATA TECHNOLOGY
104829,15/10/2025,ARXE-500,FUENTE AUREOX 500W ARXE-500,1.000,8.15000,8.15000000,15.41,7.26,89.1,47.12,,LASET S.A.
111596,07/10/2021,ARXP-GH200,AURICULAR AUREOX EQUIFY GAMING GH200,2.000,12.85200,25.70400000,25.83,0.13,0.49,0.49,,LASET S.A.
119922,29/07/2025,RZ19-05050100-R3U1,MICROFONO RAZER SEIREN V3 MINI USB-C CONDENSER SUPERCARDIOID,1.000,42.27000,42.27000000,58.42,16.15,38.2,27.64,,LASET S.A.
119923,20/10/2025,RZ19-05050300-R3U1,MICROFONO RAZER SEIREN V3 MINI WHITE USB-C,1.000,43.02000,43.02000000,52.03,9.01,20.95,17.32,,LASET S.A.
104659,25/06/2021,9H.N1DGB.A2E,BUNGEE MOUSE ZOWIE GEAR CAMADE II BLACK-RED,1.000,28.71540,28.71540000,21.43,-7.28,-25.36,-33.98,,New Bytes INC
113234,25/11/2024,929002269101,ACCESORIOS PHILIPS HUE CABLE 2M RGB LIGHTSTRIP PLUS V4,1.000,62.16004,62.16004000,68.06,5.9,9.5,8.67,,SIGNIFY ARGENTINA S.A.
115295,09/03/2026,24007,PARLANTE BARRA DE SONIDO TRUST THORNE RGB LED GXT619,7.000,26.01000,182.07000000,203.42,21.35,11.72,10.49,,LASET S.A.
117207,27/11/2025,221V8/77,MONITOR PHILIPS LED 21.5  mod. 221V8,5.000,61.10020,305.50100000,450.03,144.53,47.31,32.12,,CORCISA SA
119243,20/04/2025,H610M H V2 DDR4,MOTHER GIGABYTE (LGA1700) H610M H V2 DDR4,2.000,63.93000,127.86000000,146.48,18.62,14.56,12.71,,LASET S.A.
119898,28/04/2025,PRIME A620M-K-CSM,MOTHER ASUS (AM5) PRIME A620M-K CSM,1.000,65.70000,65.70000000,76.86,11.16,16.98,14.52,,LASET S.A.
118341,03/12/2025,31030026405,MOUSE WIRELESS GENIUS NX-7007 BLUE,3.000,4.48000,13.44000000,17.47,4.03,30,23.08,,LASET S.A.
118839,21/05/2026,100-100001488BOX,PROCESADOR AMD (AM4) RYZEN 5 5600GT,8.000,128.85000,1030.80000000,985.62,-45.18,-4.38,-4.58,,LASET S.A.
119206,25/08/2025,24981,ACCESORIOS TRUST MOCHILA  AVANA ECO BACKPACK 16,1.000,22.26000,22.26000000,28.34,6.08,27.29,21.44,,LASET S.A.
119240,20/08/2025,B650M GAMING WIFI,MOTHER GIGABYTE (AM5) B650M GAMING WIFI,22.000,96.10000,2114.20000000,2436.95,322.75,15.27,13.24,,LASET S.A.
119722,09/03/2026,X870 A ELITE WF7 ICE,MOTHER GIGABYTE (AM5) X870 AORUS ELITE WF7 ICE,9.000,244.42000,2199.78000000,2624.15,424.37,19.29,16.17,,LASET S.A.
119776,15/05/2025,X870E NOVA WIFI,MOTHER ASROCK (AM5) X870E NOVA WIFI,1.000,332.16000,332.16000000,424.86,92.7,27.91,21.82,,LASET S.A.
120550,15/09/2025,TPD-850AH2FXG-3,FUENTE GAMER THERMALTAKE TP GT 850W ANALOG 80 PLUS GOLD,4.000,75.37000,301.48000000,345.93,44.45,14.74,12.85,,LASET S.A.
103094,21/05/2026,YD3200C5FHBOX,PROCESADOR AMD (AM4) RYZEN 3 3200G,9.000,56.84000,511.56000000,495.42,-16.14,-3.15,-3.26,,LASET S.A.
104660,15/09/2021,9H.N24BB.A2E,MOUSE GAMER ZOWIE EC1 BLACK,3.000,79.69200,239.07600000,134.81,-104.26,-43.61,-77.34,,New Bytes INC
119886,13/03/2025,B760M AORUS ELITE AX 1.3,MOTHER GIGABYTE (LGA1700) B760M AORUS ELITE AX,1.000,152.81000,152.81000000,178.41,25.6,16.75,14.35,,LASET S.A.
120285,20/02/2026,GV-N3050WF2OCV2-6GD,PLACA DE VIDEO GIGABYTE RTX 3050 GDDR6 6GB,3.000,182.52000,547.56000000,553.34,5.78,1.06,1.04,,LASET S.A.
119919,22/05/2026,RZ04-05180100-R3U1,AURICULAR GAMER RAZER KRAKEN V4 X BLACK USB,3.000,67.87000,203.61000000,243.02,39.41,19.36,16.22,,LASET S.A.
120005,15/09/2025,PS-SPD-0600NPCWAG-W,FUENTE THERMALTAKE SMART 600W 80 PLUS WHITE,3.000,38.71000,116.13000000,135.99,19.86,17.1,14.6,,LASET S.A.
103424,26/08/2024,31330003401,TECLADO + MOUSE COMBO USB GENIUS KM-200 SMART BLACK,1.000,8.57000,8.57000000,10.24,1.67,19.49,16.31,,LASET S.A.
120007,15/09/2025,PS-SPD-0700NPCWAG-W,FUENTE THERMALTAKE SMART 700W 80 PLUS WHITE,12.000,44.57000,534.84000000,609.47,74.63,13.95,12.25,,LASET S.A.
103607,22/09/2023,HEBE-ARX-340G,GABINETE GAMER AUREOX HEBE ARX 340G,1.000,32.52000,32.52000000,65.91,33.39,102.68,50.66,,LASET S.A.
117868,29/12/2022,711719552161P5,CONSOLA PLAYSTATION PS5 HW CFI-115A STANDARD,3.000,1152.08071,3456.24213000,2275.39,-1180.85,-34.17,-51.9,,SOLUTIONS 2 GO SRL
118507,14/07/2025,GV-N4060WF2OC-8GD,PLACA DE VIDEO GIGABYTE RTX 4060 WF2 OC 8GB,1.000,272.39000,272.39000000,347.54,75.15,27.59,21.62,,LASET S.A.
116714,28/04/2026,100-100000926WOF,PROCESADOR AMD (AM4) RYZEN 7 5700X (SIN COOLER),7.000,195.57000,1368.99000000,1221.61,-147.38,-10.77,-12.06,,LASET S.A.
117875,27/11/2024,31330007401,TECLADO + MOUSE COMBO USB GENIUS SLIMSTAR C126 BLACK,2.000,7.96000,15.92000000,18.83,2.91,18.27,15.45,,LASET S.A.
119087,03/12/2025,ARX 205G VANTH,GABINETE GAMER AUREOX VANTH ARX 205G,2.000,16.72000,33.44000000,74.94,41.5,124.1,55.38,,LASET S.A.
120333,20/04/2025,B860I AORUS PRO ICE,MOTHER GIGABYTE (LGA 1851) B860I AORUS PRO ICE,1.000,182.34000,182.34000000,216.48,34.14,18.73,15.77,,LASET S.A.
120481,14/07/2025,GV-N506TEAGLE OC-16GD,PLACA DE VIDEO GIGABYTE RTX 5060TI EAGLE 16GB,1.000,454.83000,454.83000000,641.18,186.35,40.97,29.06,,LASET S.A.
118490,08/07/2025,GP-UD850GM PG5,FUENTE GAMER GIGABYTE 850W PG5/PSU,9.000,91.09000,819.81000000,907.45,87.64,10.69,9.66,,LASET S.A.
119924,04/02/2025,RZ04-03970700-R3U1,AURICULAR GAMER RAZER KAIRA X LICENCED PLAYSTATION 5,1.000,41.82000,41.82000000,43.2,1.38,3.3,3.2,,LASET S.A.
119384,26/03/2025,ROG RYUO III 240 ARGB,WATER COOLER ASUS ROG RYUO III 240 ARGB,2.000,150.77000,301.54000000,353.2,51.66,17.13,14.63,,LASET S.A.
120136,28/04/2026,100-100000719WOF,PROCESADOR AMD (AM5) RYZEN 9 9950X3D,11.000,669.32000,7362.52000000,7885.13,522.61,7.1,6.63,,LASET S.A.
120170,10/03/2026,GV-R9070XTGAMING OC-16GD,PLACA DE VIDEO GIGABYTE RADEON RX 9070 XT GAMING OC 16GB,4.000,728.35000,2913.40000000,3137.38,223.98,7.69,7.14,,LASET S.A.
111513,15/08/2024,9290025327,LAMPARA WIZ LED PLAFON 8 PUL. 24W CALIDO A FRIO,2.000,16.54676,33.09352000,35.03,1.93,5.84,5.52,,SIGNIFY ARGENTINA S.A.
118147,19/05/2023,24434,SILLA GAMER TRUST GXT708W RESTO WHITE,1.000,198.75000,198.75000000,179.93,-18.82,-9.47,-10.46,,New Bytes INC
119140,28/04/2026,100-100001581WOF,PROCESADOR AMD (AM4) RYZEN 9 5900XT,6.000,297.13000,1782.78000000,1877.9,95.12,5.34,5.07,,LASET S.A.
119365,21/03/2025,AUSDX64GUICL10A1-RA1,MICRO SD ADATA A1 DH CLASS 10 64GB,11.000,2.56000,28.16000000,43.48,15.32,54.41,35.24,,LASET S.A.
119705,17/02/2025,31730047402,PARLANTE GENIUS SP-HF500B WOOD 2.0CH USB-C,6.000,37.95000,227.70000000,281.42,53.72,23.59,19.09,,LASET S.A.
119805,15/10/2025,VG249QL3A-J,MONITOR 24 ASUS VG249QL3A GAMING FHD IPS 180Hz 1ms Pie profesional Altura Ajustable,73.000,103.83000,7579.59000000,11299.27,3719.68,49.07,32.92,,LASET S.A.
119976,25/08/2025,25585,PILAS AAA RECARGABLES USB-C TRUST X2,3.000,5.26000,15.78000000,16.8,1.02,6.46,6.06,,LASET S.A.
120276,26/05/2026,B760M G P WIFI DDR4,MOTHER GIGABYTE (LGA1700) B760M G P WIFI DDR4,3.000,96.16000,288.48000000,333.14,44.66,15.48,13.41,,LASET S.A.
120443,04/12/2025,25447,AURICULAR TRUST CARUS MULTIPLATAFORMA BLACK GXT492,1.000,21.77000,21.77000000,26.7,4.93,22.66,18.47,,LASET S.A.
103809,17/04/2023,23310,AURICULAR GAMER TRUST ZAMAK PREMIUM GXT 414,1.000,42.96000,42.96000000,48.7,5.74,13.37,11.79,,New Bytes INC
116416,29/05/2025,23733,MOUSE TRUST CARVE WIRED,1.000,2.82000,2.82000000,3.64,0.82,29.11,22.55,,LASET S.A.
117544,13/05/2026,NT01SA500-480-S3X,DISCO SSD NETAC SA500 2.5 SATA3 480 GB,20.000,66.93000,1338.60000000,500.45,-838.15,-62.61,-167.48,,LASET S.A.
120268,08/07/2025,AORUS WATERFORCE X II 360,WATER COOLER GIGABYTE AORUS WATERFORCE X II 360,2.000,204.76000,409.52000000,486.12,76.6,18.71,15.76,,LASET S.A.
119932,11/12/2025,RZ03-04980200-R3U1,TECLADO GAMER RAZER HUNTSMAN V3 PRO TKL BLACK OPTICAL ANALOG US-EN,4.000,132.12000,528.48000000,630.74,102.26,19.35,16.21,,LASET S.A.
120494,22/05/2026,RZ04-03241300-R3UA,AURICULAR GAMER RAZER BLACKSHARK V2 X WHITE ANALOG 3.5mm PC / PS5,2.000,44.37000,88.74000000,104.87,16.13,18.18,15.38,,LASET S.A.
101269,23/08/2023,SP-500AH2NKW,FUENTE GAMER THERMALTAKE SMART WHITE 500W 80 PLUS,11.000,52.54000,577.94000000,445.9,-132.04,-22.85,-29.61,,LASET S.A.
104444,11/07/2022,F4-3600C19D-16GTZRB,MEMORIA GSKILL TRIDENT Z RGB PC4 16 GB 3600 2X8 28800 DDR4 C19,1.000,98.53040,98.53040000,50.99,-47.54,-48.25,-93.22,,LASET S.A.
120198,26/03/2025,GU200A ROG TESSEN BK WW,GAMEPAD ASUS GU200A ROG TESSEN BK WW,1.000,92.39000,92.39000000,109.69,17.3,18.73,15.77,,LASET S.A.
120235,27/05/2025,PRIME-RTX5070-O12G,PLACA DE VIDEO ASUS PRIME RTX 5070 OC 12GB,1.000,663.36000,663.36000000,739.21,75.85,11.43,10.26,,LASET S.A.
120535,15/09/2025,CL-P119-AL12SW-A,CPU COOLER THERMALTAKE ASTRIA 200 AIR 4 PIPE SYNC,1.000,28.62000,28.62000000,31.32,2.7,9.44,8.63,,LASET S.A.
115742,13/05/2026,NT01N535N-512G-N8X,DISCO SSD NETAC N535N M.2 2280 SATAIII 3D NAND SSD 512 GB,1.000,81.60000,81.60000000,30.41,-51.19,-62.74,-168.37,,LASET S.A.
119098,26/05/2026,A520M K V2 1.0,MOTHER GIGABYTE (AM4) A520M K V2,40.000,39.29000,1571.60000000,2057.38,485.78,30.91,23.61,,LASET S.A.
115302,03/09/2024,24126,MOUSE TRUST PUCK WRL RECARGABLE BLUE,5.000,11.77000,58.85000000,55.04,-3.81,-6.47,-6.92,,LASET S.A.
118477,22/05/2025,PVVR532G700C32K,MEMORIA PATRIOT VIPER VENOM DDR5 32GB 7000 MHZ RGB CL32 BLK/SIR HS DUAL KIT PE000890,1.000,105.50000,105.50000000,90.28,-15.22,-14.43,-16.86,,LASET S.A.
120226,09/06/2025,NXSM2200,MONITOR NOBLEX 22 FHD VA ANTIRREFLEJO ADAPTATIVE SM2200,4.000,82.15628,328.62512000,385.77,57.15,17.39,14.81,,PILISAR S.A.
118033,09/03/2026,24727,MOUSE TRUST FYDA WIRELESS ECO,1.000,8.39000,8.39000000,10.7,2.31,27.52,21.58,,LASET S.A.
118730,15/09/2023,DGS-105,D-LINK DGS-105A SWITCH 5 PUERTOS GIGABIT  10/100/1000Mbps,1.000,24.81000,24.81000000,14.24,-10.57,-42.61,-74.24,,LASET S.A.
119997,15/09/2025,CA-1Y7-00M1WN-01,GABINETE THERMALTAKE VIEW 270 PLUS TG ARGB BLACK TEMPERED GLASS,1.000,58.57000,58.57000000,69.67,11.1,18.95,15.93,,LASET S.A.
120344,03/09/2025,B850M DS3H,MOTHER GIGABYTE (AM5) B850M DS3H,5.000,123.13000,615.65000000,741.73,126.08,20.48,17,,LASET S.A.
120427,25/08/2025,25635,TECLADO VAIYA TRUST MULTIDEVICES WIRELESS ES,1.000,20.00000,20.00000000,25.47,5.47,27.35,21.47,,LASET S.A.
119263,19/05/2026,PRIME A520M-K/CSM,MOTHER ASUS (AM4) PRIME A520M-K CSM,18.000,44.81000,806.58000000,946.61,140.03,17.36,14.79,,LASET S.A.
119841,20/01/2025,WD40EZAX,DISCO HDD 4TB WD BLUE WD40EZAX,1.000,73.97000,73.97000000,87.09,13.12,17.73,15.06,,LASET S.A.
119918,22/05/2026,RZ04-05170100-R3U1,AURICULAR GAMER RAZER KRAKEN V4 BLACK HYPERSPEED WIRELESS +BT +USB THX,6.000,152.73000,916.38000000,1092.61,176.23,19.23,16.13,,LASET S.A.
120371,10/03/2026,GV-N5070EAGLE OC-12G,PLACA DE VIDEO GIGABYTE RTX 5070 EAGLE OC 12GB,5.000,672.00000,3360.00000000,3310.76,-49.24,-1.47,-1.49,,LASET S.A.
108592,14/09/2022,RC21-01560100-R3U1,ACCESORIOS RAZER BUNGEE V3,2.000,16.17000,32.34000000,31.35,-0.99,-3.07,-3.16,,LASET S.A.
120006,15/09/2025,PS-SPD-0650NNFABG-3,FUENTE GAMER THERMALTAKE SMART BX3 650W 80 PLUS BRONZE,1.000,49.57000,49.57000000,63.01,13.44,27.12,21.33,,LASET S.A.
120155,07/03/2025,GT501 TUF GAMING GRY/WITH,GABINETE GAMER ASUS GT501 TUF GAMING GRY WITH HANDLE,7.000,160.00000,1120.00000000,1043.41,-76.59,-6.84,-7.34,,LASET S.A.
111355,17/03/2026,PASTERMAX AISO,ALCOHOL ISOPROPILICO PASTERMAX X 500 ML,4.000,3.21092,12.84368000,18.02,5.18,40.32,28.73,,RUBIÑO ANABEL ROMINA
118217,25/03/2025,PVV532G600C36K,MEMORIA PATRIOT VIPER VENOM DDR5 32GB 6000 MHZ CL36 BLK/SIR HS DUAL KIT PE000864,3.000,62.70000,188.10000000,289.33,101.23,53.82,34.99,,LASET S.A.
120678,04/06/2025,SDSSDA-1T00-G27,DISCO SSD SATA 1TB SANDISK PLUS,2.000,48.81000,97.62000000,111.45,13.83,14.17,12.41,,LASET S.A.
111594,07/10/2021,ARXP-GH600,AURICULAR AUREOX TREMOR GAMING GH600,3.000,19.27800,57.83400000,59.55,1.72,2.97,2.89,,LASET S.A.
119343,21/03/2025,AX5U6400C3216G-SLABRBK,MEMORIA ADATA DIMM LANCER SINGLE 16GB DDR5 6400 RGB,4.000,48.02000,192.08000000,245.16,53.08,27.64,21.65,,LASET S.A.
120091,17/02/2025,31300017401,TECLADO GENIUS RS2 KB-117S AI SP BLK USB,3.000,4.62000,13.86000000,16.37,2.51,18.1,15.33,,LASET S.A.
120375,16/04/2025,VG-9070CL 16G,PLACA DE VIDEO ASROCK RX 9070 CL 16 GB,1.000,593.94000,593.94000000,703.51,109.57,18.45,15.57,,LASET S.A.
120425,09/03/2026,25483,ACCESORIOS BARRA DE LUZ TRUST SHYNE MONITOR,1.000,26.06000,26.06000000,33.02,6.96,26.7,21.07,,LASET S.A.
111421,13/12/2021,9H.LJPLB.QBR,MONITOR 24 GAMER ZOWIE XL2411K LED TN FHD 144hz Tecnología DyAc Black eQualizer,1.000,235.70000,235.70000000,249.72,14.02,5.95,5.62,,New Bytes INC
118852,25/08/2025,24172,ACCESORIOS FUNDA DE SILICONA TRUST JOYSTICK PS5 CAMO GXT748,2.000,8.22000,16.44000000,21.32,4.88,29.66,22.88,,LASET S.A.
120265,28/05/2025,B650M H 1.2,MOTHER GIGABYTE (AM5) B650M H,3.000,79.65000,238.95000000,268.62,29.67,12.42,11.05,,LASET S.A.
103777,26/07/2021,100-BR-0500,FUENTE GAMER EVGA 500W BR 80 BRONZE,1.000,57.01500,57.01500000,59.67,2.65,4.66,4.45,,New Bytes INC
102157,,,COSTO FINANCIERO,166.000,4.55868,756.74088000,8258.08,7501.34,991.27,90.84,,
113155,05/08/2025,PBE960GS25SSDR,DISCO SSD PATRIOT BURST ELITE SOLID 960 GB SATA3 PE000778,23.000,41.36000,951.28000000,1077.98,126.7,13.32,11.75,,LASET S.A.
118865,01/03/2024,24729,MOUSE TRUST GAMING  ECO YBAR GXT922,2.000,11.24000,22.48000000,28.14,5.66,25.19,20.12,,LASET S.A.
120497,11/12/2025,RZ06-05210200-R3U1,JOYSTICK RAZER WOLVERINE V3 TOURNAMENT EDITION,5.000,73.86000,369.30000000,507.38,138.08,37.39,27.21,,LASET S.A.
111420,13/12/2021,9H.LJNLB.QBR,"MONITOR 24,5 GAMER ZOWIE XL2546K LED TN FHD 240hz c/escudo Tecnología DyAc Black eQualizer",1.000,502.18000,502.18000000,623.2,121.02,24.1,19.42,,New Bytes INC
118920,16/10/2025,100-100000743BOX,PROCESADOR AMD (AM4) RYZEN 7 5700,10.000,111.34000,1113.40000000,1303.7,190.3,17.09,14.6,,LASET S.A.
120004,15/09/2025,CA-1Z4-00M6WN-00,GABINETE THERMALTAKE VIEW 170 TG ARGB SNOW WHITE TEMPERED GLASS,6.000,32.78000,196.68000000,290.95,94.27,47.93,32.4,,LASET S.A.
120175,26/03/2025,ROG-STRIX-750G-AURA-GAMING,FUENTE ASUS ROG STRIX 750W AURA GAMING 80 PLUS GOLD,1.000,110.33000,110.33000000,117.95,7.62,6.91,6.46,,LASET S.A.
111676,04/12/2025,21566,MOUSE PAD TRUST M GXT752,3.000,5.34000,16.02000000,17.41,1.39,8.68,7.99,,LASET S.A.
118440,22/05/2026,RZ04-04530200-R3U1,AURICULAR GAMER RAZER BLACKSHARK V2 PRO WHITE HYPERSPEED WIRELESS +BT THX,2.000,152.73000,305.46000000,364.6,59.14,19.36,16.22,,LASET S.A.
102725,08/05/2026,CPU B30 BLANCA,GRASA SILICONADA PASTERMAX PARA CPU B30 (BLANCA) PASTA TERMICA,1.000,1.13321,1.13321000,2.06,0.93,81.81,45,,RUBIÑO ANABEL ROMINA
116229,17/04/2023,24203,TECLADO TRUST MAZZ MECHANICAL GXT863,1.000,29.45000,29.45000000,35.1,5.65,19.18,16.09,,New Bytes INC
119941,09/03/2026,24732,WEBCAM TRUST TAXON QHD ECO,1.000,35.05000,35.05000000,44.41,9.36,26.71,21.08,,LASET S.A.
120716,18/06/2025,GV-N5060OC-8GL,PLACA DE VIDEO GIGABYTE RTX 5060 OC 8GL 8GB (LOW PROFILE),4.000,293.85000,1175.40000000,1325.05,149.65,12.73,11.29,,LASET S.A.
120717,09/06/2025,ZT-B50710J-10P,PLACA DE VIDEO ZOTAC RTX 5070TI 16GB SOLID OC GDDR7,2.000,857.81000,1715.62000000,1871.73,156.11,9.1,8.34,,LASET S.A.
118965,19/05/2025,11335-04-20G,PLACA DE VIDEO SAPPHIRE PULSE RX 7700 XT 12GB D6,7.000,395.44000,2768.08000000,3171.27,403.19,14.57,12.71,,LASET S.A.
119241,03/09/2025,B650M D3HP AX,MOTHER GIGABYTE (AM5) B650M D3HP AX,1.000,112.80000,112.80000000,131.6,18.8,16.67,14.29,,LASET S.A.
120118,30/07/2025,R12,D-LINK ROUTER R12 SMART WIFI 5 AC1200 4 ANTENAS DUAL BAND - BLANCO,1.000,24.69000,24.69000000,35.01,10.32,41.78,29.47,,LASET S.A.
120130,04/06/2025,WDS200T2G0A,DISCO SSD SATA 2TB WD GREEN,1.000,90.25000,90.25000000,112.51,22.26,24.66,19.78,,LASET S.A.
120317,15/10/2025,VA24EHF-J,MONITOR 24 ASUS VA24EHF FHD IPS 100Hz 1ms,10.000,66.79000,667.90000000,965.55,297.65,44.57,30.83,,LASET S.A.
120549,15/09/2025,TPD-750AH2FXG-3,FUENTE GAMER THERMALTAKE TP GT 750W ANALOG 80 PLUS GOLD,3.000,70.88000,212.64000000,228.43,15.79,7.42,6.91,,LASET S.A.
117789,19/05/2025,241V8L/77,MONITOR PHILIPS LED 24 241V8L,5.000,109.75364,548.76820000,577.68,28.91,5.27,5,,Ceven
119340,07/10/2024,I630RBF,GABINETE GAMER RAIDMAX INFINITA i630 BLACK ATX FISHTANK CURVED GLASS ARGB,2.000,73.98000,147.96000000,302.92,154.96,104.73,51.16,,LASET S.A.
119754,16/10/2025,X870 STEEL LEGEND WIFI,MOTHER ASROCK (AM5) X870 STEEL LEGEND WIFI,1.000,246.28000,246.28000000,279.71,33.43,13.58,11.95,,LASET S.A.
118157,11/05/2023,4250366851730,GIGASET TELEFONO INALAMBRICO A270 DUO BLACK,1.000,85.41000,85.41000000,56.27,-29.14,-34.11,-51.78,,Ceven
119367,25/07/2025,PVV564G600C36K,MEMORIA PATRIOT VIPER VENOM DDR5 64GB 6000MT/S CL36 BLK/SIR HS DUAL KIT PE000949,1.000,140.60000,140.60000000,215.56,74.96,53.31,34.77,,LASET S.A.
119451,26/05/2026,GS27QA SA,MONITOR GAMER GIGABYTE 27 GS27QA SA,1.000,141.66000,141.66000000,200.87,59.21,41.8,29.48,,LASET S.A.
120177,26/03/2025,TUF-GAMIN-750G,FUENTE ASUS TUF GAMING 750W 80 PLUS GOLD,6.000,99.81000,598.86000000,577.33,-21.53,-3.6,-3.73,,LASET S.A.
104446,11/07/2022,F4-3600C18D-16GTZN,MEMORIA GSKILL TRIDENT Z DDR4 16 GB 3600 MHZ RGB NEO PC4 28800 2X8,5.000,104.02880,520.14400000,282.78,-237.37,-45.63,-83.94,,LASET S.A.
118928,12/02/2026,PVER532G60C42W,MEMORIA PATRIOT DDR5 VIPER ELITE 5 32GB 6000 MHZ RGB CL42 WHITE SINGLE PE000940,2.000,394.82000,789.64000000,200.18,-589.46,-74.65,-294.46,,LASET S.A.
4999,16/01/2023,31710011100,AURICULAR + MIC HEADSET GENIUS HS-05A,1.000,13.12920,13.12920000,12.6,-0.53,-4.06,-4.23,,New Bytes INC
119762,08/05/2025,LF24T350FHLXZB,MONITOR SAMSUNG LED 24 T350H XZB,7.000,98.45825,689.20775000,858.02,168.82,24.49,19.67,,MULTIPOINT SA (MULTIRADIO)
116652,04/06/2025,100-100000927BOX,PROCESADOR AMD (AM4) RYZEN 5 5600,9.000,91.47000,823.23000000,1153.65,330.42,40.14,28.64,,LASET S.A.
119080,10/03/2026,GV-R76GAMING OC-8GD,PLACA DE VIDEO GIGABYTE RADEON RX 7600 GAMING OC 8GB,5.000,295.40000,1477.00000000,1500.58,23.58,1.6,1.57,,LASET S.A.
119173,17/02/2025,31730046400,PARLANTE BLUETOOTH GENIUS SP-HF385BT MADERA BLACK/GRAY,1.000,13.26000,13.26000000,16.49,3.23,24.38,19.6,,LASET S.A.
119189,20/04/2025,B760M DS3H 1.0,MOTHER GIGABYTE (LGA1700) B760M DS3H,2.000,98.51000,197.02000000,225.71,28.69,14.56,12.71,,LASET S.A.
119196,07/03/2025,TUF GAMING CASE GT 501/WHITE,GABINETE GAMER ASUS GT501 TUF GAMING CASE WHITE,2.000,166.00000,332.00000000,306.91,-25.09,-7.56,-8.18,,LASET S.A.
119082,15/05/2025,GV-R77XTGAMING OC-12GD,PLACA DE VIDEO GIGABYTE RADEON RX 7700 XT GAMING OC 12GB,14.000,398.15000,5574.10000000,6402.81,828.71,14.87,12.94,,LASET S.A.
119139,14/04/2026,100-100001582BOX,PROCESADOR AMD (AM4) RYZEN 7 5800XT (S/COOLER),2.000,234.11000,468.22000000,373.74,-94.48,-20.18,-25.28,,LASET S.A.
104653,21/05/2026,PSD416G32002,MEMORIA PATRIOT SIGNATURE LINE DDR4 16 GB 3200 MHZ PS001558,21.000,115.75000,2430.75000000,504.53,-1926.22,-79.24,-381.79,,LASET S.A.
119215,04/12/2025,25020,COMBO TECLADO Y MOUSE TRUST ODY II WIRELESS ES,1.000,12.88000,12.88000000,16.22,3.34,25.96,20.61,,LASET S.A.
119366,20/02/2026,100-100000253BOX,PROCESADOR AMD (AM4) RYZEN 3 5300G,3.000,79.63000,238.89000000,244.37,5.48,2.29,2.24,,LASET S.A.
120229,27/05/2025,ROG-ASTRAL-RTX5080-O16G-GAMING,PLACA DE VIDEO ASUS ROG ASTRAL RTX 5080 O 16GB GAMING,4.000,1534.00000,6136.00000000,7084.73,948.73,15.46,13.39,,LASET S.A.
120340,20/04/2025,B650M S2H,MOTHER GIGABYTE (AM5) B650M S2H,3.000,80.70000,242.10000000,275.96,33.86,13.99,12.27,,LASET S.A.
117006,09/03/2026,20817,BASE COOLER TRUST YOZU STAND NOTEBOOK GXT278,1.000,19.80000,19.80000000,32.61,12.81,64.69,39.28,,LASET S.A.
119119,15/01/2025,NTSWD5P48SP-08K,MEMORIA NETAC SHADOW II DDR5 4800 8GB C40 BLACK,2.000,20.46000,40.92000000,48.78,7.86,19.2,16.11,,LASET S.A.
119159,01/08/2025,NV-IX120FWP,COOLER FAN 120mm ARGB PMW RAIDMAX INFINITA-AIR WHITE,1.000,4.38000,4.38000000,11.19,6.81,155.47,60.86,,LASET S.A.
119740,19/09/2025,PRIME H610M-K D4-CSM,MOTHER ASUS (LGA1700) PRIME H610M-K D4 CSM,1.000,58.82000,58.82000000,69.45,10.63,18.08,15.31,,LASET S.A.
116373,28/04/2025,NTSDD4P32SP-08B,MEMORIA NETAC SHADOW DDR4 3200 8GB C16 BLUE,5.000,11.25000,56.25000000,86.16,29.91,53.17,34.71,,LASET S.A.
118983,09/02/2026,DUAL-RTX3050-O6G,PLACA DE VIDEO ASUS DUAL RTX 3050 O6GB,4.000,170.12000,680.48000000,766.18,85.7,12.59,11.19,,LASET S.A.
119973,10/02/2025,25510,TECLADO TRUST ZORA MECHANICAL US GXT871,1.000,27.14000,27.14000000,37.34,10.2,37.59,27.32,,LASET S.A.
120445,29/05/2025,25491,AURICULAR TRUST CARUS MULTIPLATAFORMA BLACK GXT493,1.000,33.48000,33.48000000,42.29,8.81,26.31,20.83,,LASET S.A.
120542,03/06/2025,CL-W375-PL14SW-A,WATER COOLER THERMALTAKE TH280 V2 ARGB SYNC BLACK,1.000,86.10000,86.10000000,101.17,15.07,17.51,14.9,,LASET S.A.
115239,20/01/2026,ASU650SS-256GT-R,DISCO SSD ADATA SU650 2.5 256GB,133.000,37.92000,5043.36000000,2044.02,-2999.34,-59.47,-146.74,,LASET S.A.
119957,09/03/2026,24992,AURICULAR GAMER TRUST ZIROX PINK GXT415P,1.000,18.23000,18.23000000,25.08,6.85,37.58,27.32,,LASET S.A.
120355,28/05/2025,X870 A ELITE WIFI7,MOTHER GIGABYTE (AM5) X870 A ELITE WIFI7,1.000,239.00000,239.00000000,289.49,50.49,21.12,17.44,,LASET S.A.
117543,13/05/2026,NT01SA500-240-S3X,DISCO SSD NETAC SA500 2.5 SATA3 240 GB,61.000,39.66000,2419.26000000,904.11,-1515.15,-62.63,-167.59,,LASET S.A.
118036,04/12/2025,24796,MOUSE TRUST MATT PRIMO WIRELESS BLUE,1.000,4.09000,4.09000000,6.18,2.09,51.12,33.83,,LASET S.A.
118840,05/08/2025,100-100001236BOX,PROCESADOR AMD (AM5) RYZEN 7 8700G,1.000,231.91000,231.91000000,260.73,28.82,12.43,11.05,,LASET S.A.
120293,25/03/2025,PSF32GT200S2U,PEN DRIVE PATRIOT TAB200 32GB USB 2.0 USB 2.0 TYPE-A SILVER PS001692,3.000,3.32000,9.96000000,11.7,1.74,17.48,14.88,,LASET S.A.
106758,25/09/2025,PRIME B550M-A AC,MOTHER ASUS (AM4) PRIME B550M-A AC WIFI,13.000,78.21000,1016.73000000,1080.02,63.29,6.23,5.86,,LASET S.A.
119820,15/01/2025,NT03U182N-128G-30RE,PEN DRIVE NETAC U182 RED 3.0 128GB RETRACTIL,1.000,5.73000,5.73000000,6.79,1.06,18.55,15.64,,LASET S.A.
119902,25/09/2025,TUF GAMING B850M-PLUS WIFI,MOTHER ASUS (AM5) TUF GAMING B850M-PLUS WIFI,1.000,187.55000,187.55000000,226.14,38.59,20.58,17.07,,LASET S.A.
120713,26/05/2026,GV-N506TEAGLE OC-8GD,PLACA DE VIDEO GIGABYTE RTX 5060TI EAGLE OC 8GB,1.000,429.11000,429.11000000,439.2,10.09,2.35,2.3,,LASET S.A.
119177,26/08/2024,32590012400,GENIUS ADAPTADOR AUDIO DAC USB-C MINIPLUG STEREO,2.000,2.84000,5.68000000,8.67,2.99,52.56,34.45,,LASET S.A.
118208,23/08/2024,SDCZ410-064G-G46,PEN DRIVE 64GB SANDISK ULTRA SHIFT USB3,1.000,5.95000,5.95000000,7.32,1.37,23.08,18.75,,LASET S.A.
118812,22/05/2026,RZ03-04702800-R311,TECLADO GAMER RAZER BLACKWIDOW V4 X YELLOW-SWITCH LINEAR SILENT ESPAÑOL,1.000,79.93000,79.93000000,114.5,34.57,43.26,30.19,,LASET S.A.
119910,23/01/2025,ROG STRIX Z890-E GAMING WIFI,MOTHER ASUS (1851) ROG STRIX Z890-E GAMING WIFI,1.000,454.14000,454.14000000,475.27,21.13,4.65,4.45,,LASET S.A.
119969,09/03/2026,25372,MICROFONO TRUST YUNIX USB BLACK GXT234,1.000,21.50000,21.50000000,26.35,4.85,22.54,18.39,,LASET S.A.
120001,15/09/2025,CA-1Z2-00M1WN-00,GABINETE THERMALTAKE VIEW 380 TG ARGB BLACK TEMPERED GLASS,7.000,71.83000,502.81000000,597.36,94.55,18.8,15.83,,LASET S.A.
120159,07/03/2025,TUF GAMING GT502 HORIZONT WHITE,GABINETE GAMER ASUS GT502 TUF GAMING WHITE,4.000,167.00000,668.00000000,630.13,-37.87,-5.67,-6.01,,LASET S.A.
120479,18/06/2025,GV-N5070WF3OC-12GD,PLACA DE VIDEO GIGABYTE RTX 5070 WF3 OC 12GB,8.000,582.20000,4657.60000000,5215.62,558.02,11.98,10.7,,LASET S.A.
118886,04/12/2025,25059,TECLADO TRUST LYRA COMPACT WIRELESS ES,1.000,17.05000,17.05000000,18.67,1.62,9.48,8.66,,LASET S.A.
119161,01/08/2025,NV-X120FWP,COOLER FAN 120mm ARGB PMW RAIDMAX X-AIR WHITE,5.000,3.83000,19.15000000,40.07,20.92,109.22,52.2,,LASET S.A.
111677,09/03/2026,21567,MOUSE PAD TRUST L GXT754,1.000,7.67000,7.67000000,9.12,1.45,18.88,15.88,,LASET S.A.
118725,10/03/2025,DIR-819,D-LINK DIR-819 ROUTER WIFI 5 AC750 3 ANTENAS DUAL BAND,19.000,5.17000,98.23000000,269.46,171.23,174.31,63.55,,LASET S.A.
116376,28/04/2025,NTSDD4P32SP-08Y,MEMORIA NETAC SHADOW DDR4 3200 8GB C16 GOLD YELLOW,4.000,11.25000,45.00000000,65.87,20.87,46.38,31.68,,LASET S.A.
118757,29/07/2025,ALEG-710-512GCS,DISCO SSD ADATA LEGEND 710 512GB M2 Gen3 x4 2.400/1.800MB/s,21.000,27.36000,574.56000000,629.97,55.41,9.64,8.79,,ADATA TECHNOLOGY
119122,19/05/2025,ALEG-710-1TCS,DISCO SSD ADATA LEGEND 710 1TB M2 Gen3 x4 2.400/1.800MB/s,4.000,48.34000,193.36000000,211.61,18.25,9.44,8.63,,LASET S.A.
120147,13/11/2025,X609MTBF,GABINETE GAMER RAIDMAX MESHIAN X609M BLACK MicroATX TG ARGB,2.000,21.72000,43.44000000,103.18,59.74,137.53,57.9,,LASET S.A.
120766,16/10/2025,B850M PRO-A WIFI,MOTHER ASROCK (AM5) B850M PRO-A WIFI,2.000,131.00000,262.00000000,307.22,45.22,17.26,14.72,,LASET S.A.
117807,21/05/2026,WDS100T2XHE,DISCO SSD M.2 1TB WD BLACK SN850X NVME HEATSINK,3.000,170.53000,511.59000000,345.72,-165.87,-32.42,-47.98,,LASET S.A.
118925,25/07/2025,PVER532G70C38KW,MEMORIA PATRIOT DDR5 VIPER ELITE 5 32GB 7000 MHZ RGB CL38 WHITE DUAL KIT PE000936,2.000,102.80000,205.60000000,306.46,100.86,49.06,32.91,,LASET S.A.
119133,09/12/2024,929003601012,LAMPARA WIZ WFB LED A60 8.5W E27 1PF/6,1.000,8.46110,8.46110000,8.77,0.31,3.67,3.54,,SIGNIFY ARGENTINA S.A.
120135,28/04/2026,100-100001368WOF,PROCESADOR AMD (AM5) RYZEN 9 9900X3D,1.000,579.00000,579.00000000,652,73,12.61,11.2,,LASET S.A.
120164,12/02/2026,11348-03-20G,PLACA DE VIDEO SAPPHIRE PULSE RX 9070 XT 16GB,6.000,709.00000,4254.00000000,4701.05,447.05,10.51,9.51,,LASET S.A.
120207,26/03/2025,ROG STRIX B860-A GAMING WIFI,MOTHER ASUS (LGA 1851) ROG STRIX B860-A GAMING WIFI,1.000,236.90000,236.90000000,268.58,31.68,13.37,11.79,,LASET S.A.
120629,04/06/2025,SDSSDA-2T00-G26,DISCO SSD SATA 2TB SANDISK PLUS,7.000,93.38000,653.66000000,677.33,23.67,3.62,3.49,,LASET S.A.
119228,04/12/2025,24935,MOUSE TRUST OZAA+MULTI-CONNECT WIRELESS WHITE,1.000,29.77000,29.77000000,46.89,17.12,57.5,36.51,,LASET S.A.
120127,07/03/2025,B850M-X,MOTHER ASROCK (AM5) B850M-X,1.000,109.66000,109.66000000,122.2,12.54,11.43,10.26,,LASET S.A.
120225,25/04/2025,NXSM2500,MONITOR NOBLEX 25 FHD IPS ADAPTIVE SYNC NXSM2500,2.000,91.48688,182.97376000,209.09,26.12,14.27,12.49,,PILISAR S.A.
120715,18/06/2025,GV-N5060WF2OC-8GD,PLACA DE VIDEO GIGABYTE RTX 5060 WF2 OC 8GB,5.000,290.68000,1453.40000000,1718.44,265.04,18.24,15.42,,LASET S.A.
118511,09/02/2026,TUF GAMING A520M-PLUS WIFI,MOTHER ASUS (AM4) TUF GAMING A520M-PLUS WIFI,1.000,77.32000,77.32000000,86.61,9.29,12.01,10.72,,LASET S.A.
119233,09/03/2026,24910,TECLADO TRUST TORIX MECHANICAL US,2.000,35.55000,71.10000000,93.96,22.86,32.16,24.33,,LASET S.A.
120710,25/06/2025,GV-N507TWF3-16GD,PLACA DE VIDEO GIGABYTE RTX 5070TI WF3 16GB,7.000,777.90000,5445.30000000,5867.52,422.22,7.75,7.2,,LASET S.A.
118094,28/04/2026,100-100000590WOF,PROCESADOR AMD (AM5) RYZEN 9 7900 (S/COOLER),1.000,330.49000,330.49000000,351.02,20.53,6.21,5.85,,LASET S.A.
120247,10/11/2025,DM-ENC1WF,ENCHUFE HUNNOX SMART BLANCO,1.000,6.27000,6.27000000,9.15,2.88,45.96,31.49,,LASET S.A.
120156,07/03/2025,TUF GAMING GT302 ARGB BLACK,GABINETE GAMER ASUS GT302 TUF GAMING ARGB BLACK,5.000,135.00000,675.00000000,618.97,-56.03,-8.3,-9.05,,LASET S.A.
118092,16/10/2025,100-100001015BOX,PROCESADOR AMD (AM5) RYZEN 5 7600 C/COOLER,15.000,174.60000,2619.00000000,2908.45,289.45,11.05,9.95,,LASET S.A.
116370,28/04/2025,NTSDD4P32SP-08R,MEMORIA NETAC SHADOW DDR4 3200 8GB C16 RED,9.000,11.25000,101.25000000,150.52,49.27,48.66,32.73,,LASET S.A.
111356,08/05/2026,PASTERMAX A90,GRASA SILICONADA PASTERMAX PARA CPU A90 (GRIS) PASTA TERMICA,1.000,1.83095,1.83095000,2.87,1.04,56.54,36.12,,RUBIÑO ANABEL ROMINA
119002,26/08/2024,31340015407,TECLADO + MOUSE WIRELESS GENIUS SLIMSTAR 8230 BLACK DUAL BT/2.4Ghz,1.000,17.86000,17.86000000,21.6,3.74,20.95,17.32,,LASET S.A.
119375,20/02/2026,100-100001277WOF,PROCESADOR AMD (AM5) RYZEN 9 9950X,1.000,555.00000,555.00000000,607.95,52.95,9.54,8.71,,LASET S.A.
119887,20/04/2025,GP-UD850GM PG5W,FUENTE GAMER GIGABYTE 850W 80 PLUS ICE (BLANCA) PG5,8.000,88.72000,709.76000000,806.64,96.88,13.65,12.01,,LASET S.A.
115803,29/07/2025,ASU650SS-960GT-R,DISCO SSD ADATA SU650 2.5 960 GB,15.000,43.65000,654.75000000,719.6,64.85,9.9,9.01,,ADATA TECHNOLOGY
109605,04/12/2025,24067,TECLADO TRUST THADO TKL ES GXT833,2.000,11.78000,23.56000000,29.15,5.59,23.73,19.18,,LASET S.A.
118933,22/05/2025,PSD516G480081S,MEMORIA PATRIOT SIGNATURE LINE SODIMM DDR5 16GB 4800MT/S PS001642,1.000,29.65000,29.65000000,36.48,6.83,23.05,18.73,,LASET S.A.
120359,29/07/2025,B760M AORUS ELITE,MOTHER GIGABYTE (LGA1700) B760M AORUS ELITE,2.000,132.33000,264.66000000,307.59,42.93,16.22,13.96,,LASET S.A.
109251,04/06/2025,GV-N3060GAMING OC-12GD,PLACA DE VIDEO GIGABYTE RTX 3060 GAMING OC 12GB,4.000,279.32000,1117.28000000,1269.08,151.8,13.59,11.96,,LASET S.A.
118023,01/03/2024,24480,MOUSE TRUST REDEX WIRELESS GXT980,1.000,26.71000,26.71000000,28.11,1.4,5.22,4.97,,LASET S.A.
119108,27/06/2024,MK235,TECLADO Y MOUSE LOGITECH MK235 WIRELESS,1.000,20.20162,20.20162000,22.32,2.12,10.47,9.48,,CORCISA SA
118910,09/03/2026,24450,ACCESORIOS TRUST MALETIN BOLOGNA NOTEBOOK 16 ECO GREEN,2.000,8.44000,16.88000000,22.07,5.19,30.76,23.52,,LASET S.A.
120686,26/05/2025,SM-S931B/DS 128,SAMSUNG TELEFONO CELULAR GALAXY S25 12GB 128GB GLOBAL SILVER,1.000,570.24790,570.24790000,746.7,176.45,30.94,23.63,,
111597,07/10/2021,TEC ARXP-GK600,TECLADO MEC AUREOX UNRIVAILED GAMING GK600,3.000,20.62480,61.87440000,78.26,16.39,26.49,20.94,,LASET S.A.
118293,19/05/2025,ALEG-800-1000GCS,DISCO SSD ADATA LEGEND 800 1TB M2 Gen4 x4 3.500/2.800MB/s,62.000,48.34000,2997.08000000,3288.1,291.02,9.71,8.85,,LASET S.A.
117957,12/02/2026,PSD416G32002S,MEMORIA PATRIOT SIGNATURE LINE SODIMM DDR4 16 GB 3200 MHZ PS001570,3.000,114.81000,344.43000000,76,-268.43,-77.93,-353.18,,LASET S.A.
118111,30/12/2024,A520M PHANTOM GAMING 4,MOTHER ASROCK (AM4) A520M PHANTOM GAMING 4,1.000,62.72000,62.72000000,65.32,2.6,4.15,3.98,,LASET S.A.
119908,23/06/2025,ROG STRIX B850-E GAMING WIFI,MOTHER ASUS (AM5) ROG STRIX B850-E GAMING WIFI,1.000,333.11000,333.11000000,391.41,58.3,17.5,14.9,,LASET S.A.
109617,10/02/2025,24059,MOUSE TRUST PUCK WRL RCHRGABLE BLK,18.000,9.80000,176.40000000,189.32,12.92,7.32,6.82,,LASET S.A.
119346,21/03/2025,AX5U6400C3216G-SLABBK,MEMORIA ADATA DIMM LANCER SINGLE DDR5 16GB 6400 BLACK,2.000,45.85000,91.70000000,115.22,23.52,25.65,20.41,,LASET S.A.
119803,19/05/2026,VA27EHF-J,MONITOR 27 ASUS AS VA27EHF FHD IPS 100Hz 1ms,17.000,89.61000,1523.37000000,2058.51,535.14,35.13,26,,LASET S.A.
120421,09/03/2026,25710,MOUSE PAD TRUST BENYA XXL BLACK,1.000,12.66000,12.66000000,15.5,2.84,22.46,18.34,,LASET S.A.
117876,26/08/2024,31340014401,TECLADO + MOUSE WIRELESS COMBO GENIUS KM-8101,1.000,12.86000,12.86000000,15.52,2.66,20.72,17.16,,LASET S.A.
119486,21/05/2026,PVV516G60C30,MEMORIA PATRIOT VIPER VENOM DDR5 16GB 6000 MTS CL30 BLK/SIR HS SINGLE PE001057,5.000,183.86000,919.30000000,264.64,-654.66,-71.21,-247.38,,LASET S.A.
120652,03/09/2025,B840M EAGLE WIFI6,MOTHER GIGABYTE (AM5) B840M EAGLE WIFI6,7.000,104.03000,728.21000000,850.24,122.03,16.76,14.35,,LASET S.A.
104831,23/04/2026,ARXGP-600W,FUENTE GAMER AUREOX 600W PSU ARXGP-600,2.000,16.71000,33.42000000,71.85,38.43,114.99,53.49,,LASET S.A.
119202,09/03/2026,24449,ACCESORIOS TRUST MALETIN BOLOGNA NOTEBOOK 16 ECO RED,1.000,8.44000,8.44000000,10.92,2.48,29.43,22.74,,LASET S.A.
119995,03/06/2025,CA-1Y4-00S1WN-00,GABINETE THERMALTAKE THE TOWER 300 BLACK TEMPERED GLASS,5.000,106.20000,531.00000000,656.22,125.22,23.58,19.08,,LASET S.A.
120146,07/03/2025,I620TWF,GABINETE GAMER RAIDMAX INFINITA i620 WHITE ATX FISHTANK ARGB,2.000,52.29000,104.58000000,190.65,86.07,82.3,45.14,,LASET S.A.
120294,25/03/2025,PSF64GT200S2U,PEN DRIVE PATRIOT TAB200 64GB USB 2.0 USB 2.0 TYPE-A SILVER PS001693,10.000,3.61000,36.10000000,44.11,8.01,22.19,18.16,,LASET S.A.
120316,16/03/2026,81U53LT,NOTEBOOK HP 255 G10 R3-7330U 15 8GB/256 FREEDOS,2.000,454.75352,909.50704000,824.55,-84.96,-9.34,-10.3,,Microglobal Argentina Sa
120544,03/06/2025,CL-W378-PL14SW-A,WATER COOLER THERMALTAKE TH420 V2 ARGB SYNC SNOW EDITION,1.000,110.00000,110.00000000,127.91,17.91,16.28,14,,LASET S.A.
118013,17/04/2023,21662,AURICULAR GAMER TRUST RENO BLACK,1.000,10.58000,10.58000000,13.4,2.82,26.67,21.06,,New Bytes INC
119261,09/02/2026,GP-UD1000GM PG5,FUENTE GAMER GIGABYTE 1000W PG5 80 PLUS GOLD FULL MODULAR,24.000,97.31000,2335.44000000,2651.13,315.69,13.52,11.91,,LASET S.A.
120208,26/03/2025,ROG STRIX B860-F GAMING WIFI,MOTHER ASUS LGA 1851 ROG STRIX B860-F GAMING WIFI,1.000,257.50000,257.50000000,298.08,40.58,15.76,13.62,,LASET S.A.
119135,30/01/2025,PSD48G32002,MEMORIA PATRIOT SIGNATURE LINE DDR4 8GB 3200MT/S PS001713,13.000,10.00000,130.00000000,173.19,43.19,33.22,24.94,,LASET S.A.
119718,03/09/2025,X870 GAMING WF6,MOTHER GIGABYTE (AM5) X870 GAMING WF6,1.000,184.70000,184.70000000,217.82,33.12,17.93,15.21,,LASET S.A.
119978,08/05/2025,LF22T350FHLXZB,MONITOR SAMSUNG LED 22 T350HLXZB,7.000,77.78179,544.47253000,754.44,209.96,38.56,27.83,,MULTIPOINT SA (MULTIRADIO)
120176,26/03/2025,ROG-STRIX-850G-AURA-GAMING,FUENTE ASUS ROG STRIX 850W AURA GAMING 80 PLUS GOLD,15.000,120.86000,1812.90000000,2034.32,221.42,12.21,10.88,,LASET S.A.
120501,19/05/2025,11348-01-20G,PLACA DE VIDEO SAPPHIRE NITRO RX 9070 XT GAMING OC 16GB,10.000,728.49000,7284.90000000,8510.26,1225.36,16.82,14.4,,LASET S.A.
119344,21/03/2025,AX5U6400C3216G-SLABRWH,MEMORIA ADATA DIMM LANCER SINGLE 16GB DDR5 6400 WHITE RGB,2.000,48.02000,96.04000000,122.58,26.54,27.64,21.65,,LASET S.A.
120360,05/05/2026,GS25F2 SA,MONITOR GAMER GIGABYTE 24.5 GS25F2 200hz,3.000,92.54000,277.62000000,366.37,88.75,31.97,24.22,,LASET S.A.
118999,26/08/2024,31310051401,TECLADO USB GENIUS KB-118 II BLACK,20.000,5.49000,109.80000000,132.59,22.79,20.76,17.19,,LASET S.A.
119010,31/03/2026,ROG STRIX B760-A GAMING WIFI,MOTHER ASUS (LGA1700) ROG STRIX B760-A GAMING WIFI,5.000,191.32000,956.60000000,1156.3,199.7,20.88,17.27,,LASET S.A.
119178,26/08/2024,32590001400,GENIUS ADAPTADOR AUDIO Y MIC A MINIPLUG,6.000,1.08000,6.48000000,7.86,1.38,21.26,17.53,,LASET S.A.
120002,15/09/2025,CA-1Z2-00M6WN-00,GABINETE THERMALTAKE VIEW 380 TG ARGB SNOW WHITE TEMPERED GLASS,1.000,71.83000,71.83000000,77.4,5.57,7.76,7.2,,LASET S.A.
120284,14/07/2025,GV-N507TWF3OC-16GD,PLACA DE VIDEO GIGABYTE RTX 5070TI WF3 OC 16GB,10.000,817.44000,8174.40000000,9322.33,1147.93,14.04,12.31,,LASET S.A.
106759,04/06/2025,100000065BOX,PROCESADOR AMD (AM4) RYZEN 5 5600X C/COOLER,6.000,130.35000,782.10000000,839.08,56.98,7.29,6.79,,LASET S.A.
116774,25/03/2025,PSD48G320081S,MEMORIA PATRIOT SIGNATURE LINE SODIMM 8 GB 3200 MHZ PS001568,7.000,10.46000,73.22000000,103.44,30.22,41.28,29.22,,LASET S.A.
116815,27/11/2024,31030010410,MOUSE GENIUS WIRELESS RECARGABLE ECO-8100 BLACK,2.000,8.32000,16.64000000,19.67,3.03,18.18,15.38,,LASET S.A.
116822,03/12/2025,31310016401,TECLADO USB GENIUS KB-117 BLACK,1.000,4.42000,4.42000000,5.68,1.26,28.53,22.2,,LASET S.A.
120648,26/05/2026,B850M D3HP,MOTHER GIGABYTE (AM5) B850M D3HP,3.000,103.45000,310.35000000,386.05,75.7,24.39,19.61,,LASET S.A.
111453,23/04/2026,100-00000252BOX,PROCESADOR AMD (AM4) RYZEN 5 5600G,12.000,100.14000,1201.68000000,1425.14,223.46,18.6,15.68,,LASET S.A.
118450,22/05/2026,RZ01-04650100-R3M1,MOUSE GAMER RAZER COBRA,1.000,25.92000,25.92000000,32.6,6.68,25.77,20.49,,LASET S.A.
119994,15/09/2025,CA-1X2-00M6WN-01,GABINETE THERMALTAKE S200 PLUS TG ARGB SNOW WHITE TEMPERED GLASS,4.000,47.81000,191.24000000,227.4,36.16,18.91,15.9,,LASET S.A.
120415,19/05/2026,PA278QV-J,MONITOR 27 ASUS PA278QV WQHD 75HZ IPS ERGO,12.000,186.21000,2234.52000000,3074.21,839.69,37.58,27.31,,LASET S.A.
103748,13/05/2026,TCA-2000N-V,LYONN ESTABILIZADOR ELECT. TCA-2000N-V,2.000,23.72141,47.44282000,68.86,21.42,45.14,31.1,,SOLYTEC
118964,19/05/2025,11339-04-20G,PLACA DE VIDEO SAPPHIRE PULSE RX 7600 XT 16GB D6,2.000,321.43000,642.86000000,728.83,85.97,13.37,11.8,,LASET S.A.
119947,10/02/2025,25454,MOUSE TRUST YVI MULTI-DEVICE WIRELESS WHITE,1.000,5.99000,5.99000000,8.41,2.42,40.48,28.82,,LASET S.A.
120649,03/09/2025,B840M A ELITE WIFI6E,MOTHER GIGABYTE (AM5) B840M AORUS ELITE WIFI6E,11.000,143.20000,1575.20000000,1833.24,258.04,16.38,14.08,,LASET S.A.
120753,20/04/2026,9H.LNELJ.LBL,MONITOR 24 BENQ GW2491 BLACK FHD IPS 100hz,25.000,68.48000,1712.00000000,2371.24,659.24,38.51,27.8,,LST GLOBAL
116230,13/04/2022,22417,MOUSE TRUST MACCI WIRELESS GXT115,2.000,10.05720,20.11440000,23.04,2.93,14.55,12.7,,LASET S.A.
4504,01/11/2021,31100061105,GENIUS GRAPHIC TABLET EASYPEN I405X,1.000,30.63560,30.63560000,28.79,-1.84,-6.01,-6.4,,New Bytes INC
109610,09/02/2022,21202,PARLANTE TRUST TYTAN 2.0 GXT608,2.000,46.38060,92.76120000,102.53,9.77,10.53,9.53,,New Bytes INC
120341,20/04/2025,B760 GAMING X,MOTHER GIGABYTE (LGA1700) B760 GAMING X,2.000,123.66000,247.32000000,290.61,43.29,17.5,14.9,,LASET S.A.
117601,03/10/2022,A19A027B0A4A01A024,TECLADO MECANICO DUCKY MIYA PRO SAKURA V2 SWITCH VARMILO EC ROSE V2 ENGLISH PBT ILUMINACION LED BLANCO,1.000,113.51760,113.51760000,130.92,17.41,15.33,13.29,,LASET S.A.
120272,05/05/2026,B850 A ELITE WF7,MOTHER GIGABYTE (AM5) B850 A ELITE WF7,11.000,180.54000,1985.94000000,2418.46,432.52,21.78,17.88,,LASET S.A.
119118,15/01/2025,NTSWD5P48SP-16K,MEMORIA NETAC SHADOW II DDR5 4800 16GB C40 BLACK,3.000,36.33000,108.99000000,129.41,20.42,18.73,15.78,,LASET S.A.
119874,14/04/2025,AORUS WATERFORCE X II 360I,WATER COOLER GIGABYTE AORUS WATERFORCE X II 360I ICE (BLANCO),1.000,204.76000,204.76000000,246.3,41.54,20.29,16.87,,LASET S.A.
120490,22/05/2026,RZ04-05220100-R3U1,AURICULAR GAMER RAZER BARRACUDA X CHROMA BLACK HYPERSPEED WIRELESS +BT,2.000,110.30000,220.60000000,266.14,45.54,20.64,17.11,,LASET S.A.
120533,17/06/2025,CA-1Y8-00S6WN-01,GABINETE GAMER THERMALTAKE VERSA H16 TG ARGB SNOW WHITE TEMP GLASS,1.000,34.55000,34.55000000,49.66,15.11,43.74,30.43,,LASET S.A.
118982,19/05/2026,PRIME A620M-K,MOTHER ASUS (AM5) PRIME A620M-K,4.000,61.60000,246.40000000,294.59,48.19,19.56,16.36,,LASET S.A.
119412,04/06/2025,GV-N407TSWF3MAX OC-16GD,PLACA DE VIDEO GIGABYTE RTX 4070TI SUPER WINDFORCE MAX OC16GB,2.000,795.23000,1590.46000000,1750.68,160.22,10.07,9.15,,LASET S.A.
120491,11/12/2025,RZ04-05220200-R3U1,AURICULAR GAMER RAZER BARRACUDA X CHROMA WHITE HYPERSPEED WIRELESS +BT,1.000,107.73000,107.73000000,131.69,23.96,22.24,18.2,,LASET S.A.
120714,15/07/2025,GV-N506TWF2OC-8GD,PLACA DE VIDEO GIGABYTE RTX 5060TI WF2 OC 8GB,1.000,385.08000,385.08000000,442.01,56.93,14.78,12.88,,LASET S.A.
104582,13/04/2022,23379,PARLANTE TRUST JAVV RGB SET 2.0 GXT606,1.000,25.08660,25.08660000,28.74,3.66,14.58,12.72,,LASET S.A.
119916,20/10/2025,RZ04-04960200-R3U1,AURICULAR GAMER RAZER BLACKSHARK V2 WHITE HYPERSPEED WIRELESS +BT +USB,2.000,112.29000,224.58000000,273.08,48.5,21.6,17.76,,LASET S.A.
120239,10/11/2025,DM-TCL2WF-NEG,TOMACORRIENTE+TECLA HUNNOX SMART TACTIL 2 CANALES NEGRO,1.000,12.90000,12.90000000,27.52,14.62,113.32,53.12,,LASET S.A.
120539,03/06/2025,CL-W362-PL12SW-A,WATER COOLER THERMALTAKE TH360 V2 ARGB SYNC BLACK,3.000,95.96000,287.88000000,337.09,49.21,17.09,14.6,,LASET S.A.
3574,20/01/2025,WD10EZEX,DISCO HDD 1TB WD BLUE SATA,1.000,38.57000,38.57000000,44.1,5.53,14.35,12.55,,LASET S.A.
119214,25/08/2025,25433,COMBO TECLADO Y MOUSE TRUST PRIMO WIRELESS DESKSET ES,1.000,9.96000,9.96000000,12.29,2.33,23.4,18.96,,LASET S.A.
120624,15/05/2025,ZT-B50800B-10P,PLACA DE VIDEO ZOTAC RTX 5080 16GB AMP EXTREME INFINITY GDDR7,7.000,1190.07000,8330.49000000,9313.06,982.57,11.79,10.55,,New Bytes INC
118079,11/12/2025,RZ04-04430200-R3U1,AURICULAR GAMER RAZER BARRACUDA X WHITE HYPERSPEED WIRELESS +BT +CABLE,1.000,82.08000,82.08000000,102.32,20.24,24.65,19.78,,LASET S.A.
118363,14/04/2026,WDS500G2G0C,DISCO SSD M.2 500GB WD GREEN SN350 NVME,10.000,78.27000,782.70000000,334.52,-448.18,-57.26,-133.98,,LASET S.A.
118988,05/08/2024,WD40EFPX,DISCO HDD NAS 4TB WD RED WD40EFPX,1.000,104.73000,104.73000000,108.59,3.86,3.68,3.55,,LASET S.A.
119121,15/01/2025,NTSWD5P48SP-16W,MEMORIA NETAC SHADOW II DDR5 4800 16GB C40 WHITE,10.000,36.33000,363.30000000,422.89,59.59,16.4,14.09,,LASET S.A.
119975,25/08/2025,25584,PILAS AA RECARGABLES USB-C TRUST X2,2.000,6.74000,13.48000000,15.23,1.75,12.95,11.47,,LASET S.A.
116369,28/04/2025,NTSDD4P32SP-16R,MEMORIA NETAC SHADOW DDR4 3200 16GB C16 RED,4.000,18.65000,74.60000000,116.46,41.86,56.11,35.94,,LASET S.A.
118259,26/09/2025,11324-01-20G,PLACA DE VIDEO SAPPHIRE PULSE RX 7600 OC 8GB,3.000,205.84000,617.52000000,861.43,243.91,39.5,28.31,,LASET S.A.
118859,23/04/2026,24789,JOYSTICK TRUST MUTA PC GXT541,2.000,14.39000,28.78000000,39.86,11.08,38.5,27.8,,LASET S.A.
119373,12/02/2026,PVX532G60C30K,MEMORIA PATRIOT VIPER XTREME 5 DDR5 32GB 6000MT/S CL30 BLK HS DUAL KIT PE001035,2.000,390.66000,781.32000000,246.74,-534.58,-68.42,-216.66,,LASET S.A.
120476,05/05/2025,TAT1209BK/00,AURICULAR PHILIPS TWS 10MM DRIVER IPX4 SBC 1,1.000,23.44000,23.44000000,31.34,7.9,33.72,25.22,,FABRICA AUSTRAL DE PRODUCTOS ELECTRICOS SA
120548,28/07/2025,TTP-1200AH2FKG,FUENTE GAMER THERMALTAKE TP GF A3 1200W ANALOG 80 PLUS GOLD FULL MODULAR,1.000,133.67000,133.67000000,160.77,27.1,20.28,16.86,,LASET S.A.
118956,19/05/2025,GV-N406TWF2OC-8GD,PLACA DE VIDEO GIGABYTE RTX 4060 Ti WF2 8GB DDR6,3.000,388.36000,1165.08000000,1293.62,128.54,11.03,9.94,,LASET S.A.
120478,19/05/2025,ZT-B50700J-10P,PLACA DE VIDEO ZOTAC RTX 5070 12GB SOLID OC GDDR7,7.000,571.37000,3999.59000000,4498.19,498.6,12.47,11.08,,LASET S.A.
120541,03/06/2025,CL-W365-PL12SW-A,WATER COOLER THERMALTAKE TH360 V2 ARGB SYNC SNOW EDITION,3.000,95.96000,287.88000000,331.9,44.02,15.29,13.26,,LASET S.A.
120711,18/06/2025,GV-N5070WF3-12GD,PLACA DE VIDEO GIGABYTE RTX 5070 WF3 12GB,8.000,548.58000,4388.64000000,4965.65,577.01,13.15,11.62,,LASET S.A.
119876,28/05/2025,B650M D3HP,MOTHER GIGABYTE (AM5) B650M D3HP,4.000,93.05000,372.20000000,426.41,54.21,14.56,12.71,,LASET S.A.
119984,03/02/2025,SC750-1000G-CCBK,DISCO SSD EXTERNO ADATA SC750 1TB BLACK,1.000,73.86000,73.86000000,81.84,7.98,10.81,9.76,,LASET S.A.
120308,29/07/2025,SLEG-970P-2TCI,DISCO SSD ADATA LEGEND 970 PRO 2 TB Gen5 x4 10.000/14.000 MB/s,6.000,156.82000,940.92000000,1008.7,67.78,7.2,6.72,,ADATA TECHNOLOGY
104172,26/01/2026,CTB-1200-AP-LCD,LYONN UPS CTB-1200-AP LCD,2.000,87.40000,174.80000000,219.77,44.97,25.73,20.46,,SOLYTEC
116793,28/04/2025,NTBSD4P32SP-16,MEMORIA NETAC BASIC DDR4 DIMM 16GB 3200 C16,4.000,16.92000,67.68000000,92.86,25.18,37.21,27.12,,LASET S.A.
104832,03/12/2025,ARXGU-80PBZ-550W,FUENTE GAMER AUREOX 550W BRONZE 80+PSU,1.000,21.65000,21.65000000,38.79,17.14,79.17,44.19,,LASET S.A.
119482,16/10/2025,X870 PRO RS WIFI,MOTHER ASROCK (AM5) X870 PRO RS WIFI,4.000,199.12000,796.48000000,980.68,184.2,23.13,18.78,,LASET S.A.
120178,26/03/2025,PRIME AP-750G,FUENTE ASUS PRIME 750W 80 PLUS GOLD,7.000,97.71000,683.97000000,633.4,-50.57,-7.39,-7.98,,LASET S.A.
120238,10/11/2025,DM-TCLWF-NEG,TOMACORRIENTE+TECLA HUNNOX SMART TACTIL 1 CANAL NEGRO,2.000,11.64000,23.28000000,49.69,26.41,113.46,53.15,,LASET S.A.
119171,26/08/2024,31310053401,TECLADO CURVO ERGONOMICO GENIUS ERGO KB-700 BLACK USB,1.000,19.18000,19.18000000,22.91,3.73,19.44,16.28,,LASET S.A.
120350,20/08/2025,B860M D3HP,MOTHER GIGABYTE (LGA 1851) B860M D3HP,1.000,95.54000,95.54000000,126.92,31.38,32.84,24.72,,LASET S.A.
120642,19/05/2026,TUF-RTX5090-32G-GAMING,PLACA DE VIDEO ASUS TUF RTX 5090 D7 32G GAMING,2.000,3126.00000,6252.00000000,5526.85,-725.15,-11.6,-13.12,,LASET S.A.
119117,23/04/2026,NT01SA500-960-S3X,DISCO SSD NETAC SA500 2.5 SATA3 960 GB,2.000,42.40000,84.80000000,94.59,9.79,11.55,10.35,,LASET S.A.
120145,,I801AWF,GABINETE GAMER RAIDMAX INFINITA i801 AIR WHITE E-ATX TG ARGB,1.000,33.39000,33.39000000,85.23,51.84,155.26,60.82,,LASET S.A.
120352,20/04/2025,B860M GAMING WIFI6,MOTHER GIGABYTE (LGA 1851) B860M GAMING WIFI6,1.000,125.76000,125.76000000,146.24,20.48,16.28,14,,LASET S.A.
120661,26/05/2026,B860M K,MOTHER GIGABYTE (LGA 1851) B860M K,1.000,85.82000,85.82000000,103.12,17.3,20.16,16.78,,LASET S.A.
104654,21/05/2026,PSD48G320081,MEMORIA PATRIOT SIGNATURE LINE DDR4 8 GB 3200 MHZ PS001556,19.000,60.68000,1152.92000000,235.57,-917.35,-79.57,-389.42,,LASET S.A.
111602,07/10/2021,MOU ARXP-GM200,MOUSE AUREOX FIREFORCE GAMING GM200,1.000,6.87880,6.87880000,8.71,1.83,26.63,21.03,,LASET S.A.
118151,28/04/2026,100-100000910WOF,PROCESADOR AMD (AM5)  RYZEN 7 7800X3D,24.000,372.08000,8929.92000000,9821.44,891.52,9.98,9.08,,LASET S.A.
120496,11/12/2025,RZ06-05200200-R3U1,JOYSTICK RAZER WOLVERINE V3 PRO WHITE WIRELESS PC / XBOX,3.000,147.73000,443.19000000,603.43,160.24,36.16,26.55,,LASET S.A.
111599,07/10/2021,TEC ARXP-GK200,TECLADO AUREOX ENDURANCE  GAMING GK200,4.000,8.66520,34.66080000,38.43,3.77,10.87,9.8,,LASET S.A.
119452,16/04/2026,GS32Q,MONITOR GAMER GIGABYTE 32 GS32Q,6.000,240.00000,1440.00000000,1706.24,266.24,18.49,15.6,,LASET S.A.
119972,09/03/2026,25548,WEBCAM TRUST TANOR FULL HD,1.000,15.37000,15.37000000,19.98,4.61,30,23.08,,LASET S.A.
116794,13/08/2025,NTBSD4P32SP-08,MEMORIA NETAC BASIC DDR4 DIMM 8GB 3200 C16,19.000,13.98000,265.62000000,231.46,-34.16,-12.86,-14.76,,LASET S.A.
118888,01/03/2024,23650,MOUSE TRUST VOCA CONFORT,1.000,6.13000,6.13000000,6.62,0.49,7.95,7.36,,LASET S.A.
101260,23/04/2026,TR2-600NL2NC,FUENTE GAMER THERMALTAKE TR2 600W,3.000,50.08500,150.25500000,123.95,-26.3,-17.5,-21.22,,LASET S.A.
108781,14/09/2022,RZ01-03050300-R3U1,MOUSE GAMER RAZER VIPER ULTIMATE QUARTZ WIRELESS + CHARGING DOCK,2.000,111.74280,223.48560000,248.13,24.64,11.03,9.93,,LASET S.A.
116713,28/04/2026,100-100000457BOX,PROCESADOR AMD (AM4) RYZEN 5 5500 3.6GHZ,25.000,83.63000,2090.75000000,1839.08,-251.67,-12.04,-13.68,,LASET S.A.
119081,15/05/2025,GV-R76XTGAMING OC-16GD,PLACA DE VIDEO GIGABYTE RADEON RX 7600XT GAMING OC 16GB,3.000,325.93000,977.79000000,1089.28,111.49,11.4,10.24,,LASET S.A.
120708,20/02/2026,GV-N507TEAGLEOC ICE-16GD,PLACA DE VIDEO GIGABYTE RTX 5070TI EAGLE OC ICE 16GB,2.000,938.85000,1877.70000000,2139.23,261.53,13.93,12.23,,LASET S.A.
119408,21/05/2026,PVVR532G600C30K,MEMORIA PATRIOT VIPER VENOM DDR5 32GB RGB 6000MT/S CL30 BLK/SIR HS DUAL KIT PE001007,12.000,384.46000,4613.52000000,1425.38,-3188.14,-69.1,-223.67,,LASET S.A.
120327,26/05/2026,B650I AX,MOTHER GIGABYTE (AM5) B650I AX,2.000,154.07000,308.14000000,317.55,9.41,3.05,2.96,,LASET S.A.
104833,03/12/2025,ARXGU-80PBZ-650W,FUENTE GAMER AUREOX 650W BRONZE 80+PSU,1.000,23.63000,23.63000000,42.98,19.35,81.9,45.02,,LASET S.A.
119200,09/03/2026,24447,ACCESORIOS TRUST MALETIN BOLOGNA NOTEBOOK 16 ECO BLACK,1.000,8.44000,8.44000000,9.59,1.15,13.6,11.97,,LASET S.A.
119706,20/05/2026,31730049402,PARLANTE GENIUS SP-HF1200B 36W 2WAY,4.000,45.40000,181.60000000,216.87,35.27,19.42,16.26,,LASET S.A.
104903,25/06/2021,9H.N0HBB.A2E,MOUSE GAMER ZOWIE GEAR S2 BLACK,1.000,65.31960,65.31960000,43.2,-22.12,-33.87,-51.22,,New Bytes INC
6906,09/04/2026,IT-TCMS,SOPORTE INTELAID P/ AUTO TABLET 8.5 IT-TCMS,4.000,0.00001,0.00004000,0.49,0.49,1225800,99.99,,SERVICE & ENTERTAINMENT S A
119915,19/05/2025,RZ04-04960100-R3U1,AURICULAR GAMER RAZER BLACKSHARK V2 BLACK HYPERSPEED WIRELESS +BT +USB,2.000,101.83000,203.66000000,274.2,70.54,34.63,25.72,,LASET S.A.
120346,20/04/2025,B860 GAMING X WIFI6E,MOTHER GIGABYTE (LGA 1851) B860 GAMING X WIFI6E,1.000,164.54000,164.54000000,189.73,25.19,15.31,13.28,,LASET S.A.
103788,27/11/2024,31300008401,TECLADO GENIUS RS2 KB-116 SP BLK,2.000,4.81000,9.62000000,11.36,1.74,18.1,15.33,,LASET S.A.
108608,29/05/2025,23883,TECLADO TRUST PRIMO ES,1.000,5.83000,5.83000000,7.74,1.91,32.78,24.69,,LASET S.A.
117369,03/06/2024,31030009406,MOUSE MINI WIRELESS GENIUS NX-9000BT IRON-GRAY RECARGABLE,1.000,12.90000,12.90000000,11.99,-0.91,-7.02,-7.55,,LASET S.A.
119931,11/12/2025,RZ03-04990200-R3U1,TECLADO GAMER RAZER HUNTSMAN V3 PRO MINI BLACK OPTICAL ANALOG US-EN,2.000,108.10000,216.20000000,261.44,45.24,20.93,17.31,,LASET S.A.
120625,15/05/2025,GV-N4060GAMING OC-8GD,PLACA DE VIDEO GIGABYTE RTX 4060 GAMING OC 8GB,3.000,279.70000,839.10000000,1044.1,205,24.43,19.63,,LASET S.A.
120258,14/04/2025,Z890 EAGLE,MOTHER GIGABYTE (LGA1851) Z890 EAGLE,1.000,212.06000,212.06000000,239.19,27.13,12.79,11.34,,LASET S.A.
120452,09/03/2026,25613,MOUSE PAD TRUST XXL WHITE GXT759W,2.000,10.51000,21.02000000,24.6,3.58,17.01,14.54,,LASET S.A.
104508,17/03/2021,DKSA11-USPDYNWO1,SET 11 TECLAS DUCKY YELLOW PBT CALIDAD EXTREMA DOUBLE-SHOT  KEYCAP,2.000,6.10160,12.20320000,12.61,0.41,3.35,3.24,,LASET S.A.
111605,07/10/2021,GC1000,TECLADO y MOUSE + PAD AUREOX LIFELIGHT GAMING GC1000,2.000,17.17960,34.35920000,40.89,6.53,19.01,15.97,,LASET S.A.
119003,26/08/2024,31340017401,TECLADO + MOUSE WIRELESS COMBO GENIUS KM-8206S,2.000,13.23000,26.46000000,31.77,5.31,20.08,16.72,,LASET S.A.
119770,27/03/2025,H610M-HDV/M.2+ D5,MOTHER ASROCK (LGA1700) H610M-HDV/M.2+ D5,2.000,60.68000,121.36000000,137.37,16.01,13.19,11.66,,LASET S.A.
119970,25/08/2025,25375,MICROFONO TRUST YUNIX USB PURPLE GXT234P,1.000,21.60000,21.60000000,24.73,3.13,14.51,12.67,,LASET S.A.
119170,20/05/2026,31250020400,BASE NOTEBOOK GENIUS G-STAND M200 BLACK,1.000,7.82000,7.82000000,9.81,1.99,25.47,20.3,,LASET S.A.
119195,07/03/2025,GX601 ROG STRIX HELIOS BLACK,GABINETE GAMER ASUS GX601 ROG STRIX HELIOS  BLACK *CAJA DAÑADA,4.000,264.00000,1056.00000000,1116.19,60.19,5.7,5.39,,LASET S.A.
104507,17/03/2021,DKSA11-USPDBNWO1,SET 11 TECLAS DUCKY BLUE PBT DOUBLE SHOT  KEYCAP,2.000,6.10160,12.20320000,12.61,0.41,3.35,3.24,,LASET S.A.
109178,15/02/2022,903-W1-17GR,MOUSE GAMER EVGA X17 GREY,12.000,5.33600,64.03200000,286.96,222.93,348.16,77.69,,LASET S.A.
109447,28/05/2025,AORUS WATERFORCE X280,WATER COOLER GIGABYTE AORUS WATERFORCE X280,3.000,100.06000,300.18000000,357.71,57.53,19.17,16.08,,LASET S.A.
116344,12/02/2026,PVE2416G320C8,MEMORIA PATRIOT DDR4 VIPER ELITE 2 16GB 3200 MHZ CL18 RED/BLK PE000829,18.000,112.21000,2019.78000000,508.56,-1511.22,-74.82,-297.16,,LASET S.A.
119120,15/01/2025,NTSWD5P48SP-08W,MEMORIA NETAC SHADOW II DDR5 4800 8GB C40 WHITE,2.000,20.46000,40.92000000,48.78,7.86,19.2,16.11,,LASET S.A.
119945,10/02/2025,25479,MOUSE TRUST SURA CONFORTABLE WIRELESS,5.000,5.75000,28.75000000,39.82,11.07,38.5,27.8,,LASET S.A.
120356,28/05/2025,X870 EAGLE WIFI7 1.1,MOTHER GIGABYTE (AM5) X870 EAGLE WIFI7,2.000,191.33000,382.66000000,461.57,78.91,20.62,17.1,,LASET S.A.
104348,24/02/2021,23336,MOUSE TRUST SKETCH SILENT WIRELESS RED,1.000,8.85080,8.85080000,9.71,0.86,9.67,8.82,,New Bytes INC
111553,11/05/2026,C11CJ67304U,IMPRESORA EPSON MULTIFUNCION MF L3250 ECO TANK,1.000,236.00000,236.00000000,269.23,33.23,14.08,12.34,,Stylus SA
116719,26/12/2025,BX8071512100,PROCESADOR INTEL (LGA1700) CORE I3 12100,1.000,110.20000,110.20000000,111.65,1.45,1.31,1.3,,LASET S.A.
117258,16/04/2025,WDS480G3G0A,DISCO SSD SATA 480GB WD GREEN,9.000,23.12000,208.08000000,281.57,73.49,35.32,26.1,,LASET S.A.
116824,03/06/2024,31310020401,TECLADO USB GENIUS SLIMSTAR Q200 BLACK,1.000,6.70000,6.70000000,8.01,1.31,19.5,16.32,,LASET S.A.
108557,03/06/2025,CA-1Q9-00S6WN-00,GABINETE THERMALTAKE S100 TG SNOW WHITE TEMPERED GLASS,5.000,31.86000,159.30000000,199.42,40.12,25.19,20.12,,LASET S.A.
109604,01/03/2024,22973,BASE DE AURICULAR TRUST BUNGEE CENDOR STAND GXT260,1.000,15.07000,15.07000000,16.66,1.59,10.52,9.52,,LASET S.A.
118987,23/04/2026,WD85PURZ,DISCO HDD 8TB WD PURPLE WD85PURZ,1.000,195.00000,195.00000000,210.29,15.29,7.84,7.27,,LASET S.A.
119996,03/06/2025,CA-1Y4-00S6WN-00,GABINETE THERMALTAKE THE TOWER 300 SNOW WHITE TEMPERED GLASS METAL PANEL,3.000,106.20000,318.60000000,387.29,68.69,21.56,17.74,,LASET S.A.
117560,05/05/2025,TAE4105BK/00,AURICULAR PHILIPS TAE4105 4000 SERIES BLACK,1.000,9.19000,9.19000000,11.45,2.26,24.64,19.77,,FABRICA AUSTRAL DE PRODUCTOS ELECTRICOS SA
118891,01/03/2024,25042,MOUSE TRUST MYDO SILENT WIRELESS ECO GREEN,2.000,5.45000,10.90000000,12.53,1.63,14.94,13,,LASET S.A.
119370,12/02/2026,PVER532G60C30KW,MEMORIA PATRIOT DDR5 VIPER ELITE 5 32GB 6000 MTS RGB CL30 WHITE H DUAL KIT PE001041,5.000,400.00000,2000.00000000,647.95,-1352.05,-67.6,-208.66,,LASET S.A.
120441,09/03/2026,25649,ACCESORIOS TRUST MYLOX CONTROLADOR GAMING INALAMBRICO PARA MOVIL GREY GXT735G,3.000,24.01000,72.03000000,91.63,19.6,27.2,21.39,,LASET S.A.
120630,08/09/2025,SDSSDA3N-1T00-G26,DISCO SSD M.2 1TB SANDISK PLUS NVME,6.000,48.85000,293.10000000,346.31,53.21,18.15,15.36,,LASET S.A.
109630,17/04/2023,24035,MOUSE TRUST OZAA RECHARGEABLE WHITE,1.000,20.93000,20.93000000,23.82,2.89,13.79,12.12,,New Bytes INC
119172,27/11/2024,31310055401,TECLADO USB GENIUS SLIMSTAR 820 RETROILUMINADO BLACK,5.000,6.53000,32.65000000,38.85,6.2,18.99,15.96,,LASET S.A.
119201,09/03/2026,24448,ACCESORIOS TRUST MALETIN BOLOGNA NOTEBOOK 16 ECO BLUE,1.000,8.44000,8.44000000,11.15,2.71,32.09,24.29,,LASET S.A.
119962,10/02/2025,25303,AURICULAR GAMER TRUST FAYZO 7.1 PURPLE GXT490P,1.000,35.51000,35.51000000,38.11,2.6,7.32,6.82,,LASET S.A.
