ID,ULTIMO_INGRESO,ID_FAB,DETALLE,CANTIDAD,COSTO_U,COSTO_TOTAL,VENTA_TOTAL,GANANCIA,BENF_COST_%,BENF_VENT_%,COTIZACION,PROVEEDOR
101266,23/04/2026,TR2-500NL2NC,FUENTE GAMER THERMALTAKE TR2 500W,3.000,45.67500,137.02500000,72.58,-64.44,-47.03,-88.79,,LASET S.A.
120298,21/05/2026,VEB516G6030W,MEMORIA PATRIOT DDR5 VIPER ELITE 5 16GB DDR5 CL30 6000MTS WHITE HS SINGLE PE001087,10.000,181.90000,1819.00000000,2363.74,544.74,29.95,23.05,,LASET S.A.
6896,19/02/2026,HUNNOX-850VA LCD,HUNNOX UPS Y ESTABILIZADOR 850VA LCD C/USB,1.000,35.05000,35.05000000,50.73,15.68,44.74,30.91,,LASET S.A.
120466,03/12/2025,31030042402,MOUSE WIRELESS GENIUS NX-8080S BT-2.4Ghz BLUE,1.000,7.55000,7.55000000,8.68,1.13,14.97,13.02,,LASET S.A.
111420,13/12/2021,9H.LJNLB.QBR,"MONITOR 24,5 GAMER ZOWIE XL2546K LED TN FHD 240hz c/escudo Tecnolog�a DyAc Black eQualizer",7.000,502.18000,3515.26000000,2176.88,-1338.38,-38.07,-61.48,,New Bytes INC
118920,16/10/2025,100-100000743BOX,PROCESADOR AMD (AM4) RYZEN 7 5700,1.000,111.34000,111.34000000,150.25,38.91,34.94,25.89,,LASET S.A.
120004,15/09/2025,CA-1Z4-00M6WN-00,GABINETE THERMALTAKE VIEW 170 TG ARGB SNOW WHITE TEMPERED GLASS,8.000,32.78000,262.24000000,301.43,39.19,14.94,13,,LASET S.A.
120180,09/02/2026,ROG STRIX LC III 360 ARGB,WATER COOLER ASUS ROG STRIX LC III 360 ARGB,1.000,210.12000,210.12000000,223.14,13.02,6.2,5.83,,LASET S.A.
103805,17/04/2023,20712,JOYSTICK TRUST YULA PC PS3 GXT 540,1.000,17.12000,17.12000000,20.71,3.59,20.94,17.32,,New Bytes INC
111421,13/12/2021,9H.LJPLB.QBR,MONITOR 24 GAMER ZOWIE XL2411K LED TN FHD 144hz Tecnolog�a DyAc Black eQualizer,6.000,235.70000,1414.20000000,906.48,-507.72,-35.9,-56.01,,New Bytes INC
116863,05/07/2022,HT-SHK-DIECBK-25,AURICULARES TT ESPORTS HT/SHOCK PRO RGB 7.1 DIGITAL BLACK FULL SIZE RGB COLOR LED,1.000,55.94400,55.94400000,36.35,-19.59,-35.02,-53.89,,LASET S.A.
122602,05/05/2026,GP-P650G PG5,FUENTE GAMER GIGABYTE 650W 80 PLUS GOLD PG5,8.000,41.16000,329.28000000,378.54,49.26,14.96,13.01,,LASET S.A.
117550,15/01/2025,NTBSD4N32SP-16,MEMORIA NETAC BASIC DDR4 SODIMM 16GB 3200 C22,4.000,20.46000,81.84000000,278.13,196.29,239.85,70.58,,LASET S.A.
111355,17/06/2026,PASTERMAX AISO,ALCOHOL ISOPROPILICO PASTERMAX X 500 ML,3.000,3.13138,9.39414000,11.84,2.45,26.05,20.66,,RUBI�O ANABEL ROMINA
111676,04/12/2025,21566,MOUSE PAD TRUST M GXT752,1.000,5.34000,5.34000000,6.57,1.23,23,18.7,,LASET S.A.
119143,22/06/2026,100-100001405WOF,PROCESADOR AMD (AM5) RYZEN 5 9600X (S/COOLER),1.000,216.99000,216.99000000,240.06,23.07,10.63,9.61,,LASET S.A.
102157,,,COSTO FINANCIERO,89.000,4.55868,405.72252000,3041.8,2636.08,649.73,86.66,,
113155,05/08/2025,PBE960GS25SSDR,DISCO SSD PATRIOT BURST ELITE SOLID 960 GB SATA3 PE000778,1.000,41.36000,41.36000000,148.84,107.48,259.86,72.21,,LASET S.A.
118865,01/03/2024,24729,MOUSE TRUST GAMING  ECO YBAR GXT922,1.000,11.24000,11.24000000,10.33,-0.91,-8.08,-8.79,,LASET S.A.
121268,12/03/2026,MILAN-3CN-B,"TECLA MILAN BLANCO MACROLED, 3 CANAL, 2 VIAS, AC 250V, 10A MAX. BASTIDOR METALICO",4.000,2.20000,8.80000000,10.36,1.56,17.76,15.08,,CORESA GROUP SRL
122533,31/03/2026,TUF-RX9070XT-O16G-COD-BO7,PLACA DE VIDEO ASUS TUF RX9070XT 16GB COD BLACK OPS 7O7,3.000,848.29000,2544.87000000,2789.76,244.89,9.62,8.78,,LASET S.A.
122762,21/05/2026,PVV516G600C36K,MEMORIA PATRIOT VIPER VENOM DDR5 16GB 6000 MTS CL36 DUAL KIT BLK PE001183,5.000,188.10000,940.50000000,1212.77,272.27,28.95,22.45,,LASET S.A.
119241,03/09/2025,B650M D3HP AX,MOTHER GIGABYTE (AM5) B650M D3HP AX,2.000,112.80000,225.60000000,257.08,31.48,13.95,12.25,,LASET S.A.
120317,15/10/2025,VA24EHF-J,MONITOR 24 ASUS VA24EHF FHD IPS 100Hz 1ms,10.000,66.79000,667.90000000,906.32,238.42,35.7,26.31,,LASET S.A.
121278,12/02/2026,WDS100T1X0M,DISCO SSD M.2 1TB WD BLACK SN8100 NVME,3.000,177.85000,533.55000000,856.89,323.34,60.6,37.73,,LASET S.A.
116229,17/04/2023,24203,TECLADO TRUST MAZZ MECHANICAL GXT863,2.000,29.45000,58.90000000,57.12,-1.78,-3.02,-3.12,,New Bytes INC
119257,20/04/2025,H610M K V2,MOTHER GIGABYTE (LGA1700) H610M K V2,1.000,62.34000,62.34000000,66.05,3.71,5.96,5.62,,LASET S.A.
121559,26/12/2025,RX9070XT SLD16,PLACA DE VIDEO ASROCK RX9070XT 16GB STEEL LEGEND DARK,8.000,596.79000,4774.32000000,6011.5,1237.18,25.91,20.58,,LASET S.A.
104336,09/03/2026,22656,MICROFONO TRUST MANTIS GXT232,1.000,16.66000,16.66000000,20.86,4.2,25.19,20.12,,LASET S.A.
119714,26/05/2026,B760M D3HP DDR4,MOTHER GIGABYTE (LGA1700) B760M D3HP DDR4,2.000,80.65000,161.30000000,185.42,24.12,14.95,13.01,,LASET S.A.
119728,05/05/2026,GP-P650SS,FUENTE GAMER GIGABYTE 650W 80 PLUS SILVER ATX 3.0,8.000,36.25000,290.00000000,353.65,63.65,21.95,18,,LASET S.A.
120006,15/09/2025,PS-SPD-0650NNFABG-3,FUENTE GAMER THERMALTAKE SMART BX3 650W 80 PLUS BRONZE,2.000,49.57000,99.14000000,115.95,16.81,16.96,14.5,,LASET S.A.
120633,26/12/2025,100-100000718BOX,PROCESADOR AMD (AM5) RYZEN 5 9600,1.000,201.78000,201.78000000,229.44,27.66,13.71,12.05,,LASET S.A.
121388,24/06/2026,25389,MOUSE TRUST HELOX GAMING ULTRALIGERO WHITE GXT928W,1.000,6.65000,6.65000000,8.45,1.8,26.99,21.26,,LASET S.A.
122383,13/04/2026,E681-WHNN-S00,GABINETE COOLER MASTER ELITE 681 WHITE,3.000,50.76000,152.28000000,175.06,22.78,14.96,13.01,,LASET S.A.
122665,28/04/2026,100-100001978WOF,PROCESADOR AMD (AM5) RYZEN 9 9950X3D2,2.000,898.70000,1797.40000000,2021.26,223.86,12.45,11.08,,LASET S.A.
118980,05/08/2025,100-100000931BOX,PROCESADOR AMD (AM5) RYZEN 5 8500G,2.000,119.88000,239.76000000,270.83,31.07,12.96,11.47,,LASET S.A.
118814,11/03/2026,B550M PHANTOM GAMING 4,MOTHER ASROCK (AM4) B550M PHANTOM GAMING 4,5.000,78.70000,393.50000000,452.49,58.99,14.99,13.04,,LASET S.A.
120147,13/11/2025,X609MTBF,GABINETE GAMER RAIDMAX MESHIAN X609M BLACK MicroATX TG ARGB,7.000,21.72000,152.04000000,246.18,94.14,61.92,38.24,,LASET S.A.
120256,12/03/2025,929002422801,ACCESORIOS PHILIPS HUE PLAY GRADIENT LIGHTSTRIP 65 EU,1.000,191.82000,191.82000000,201.87,10.05,5.24,4.98,,SIGNIFY ARGENTINA S.A.
120370,10/03/2026,GV-N5070AERO OC-12GD,PLACA DE VIDEO GIGABYTE RTX 5070 AERO OC 12GB,4.000,700.52000,2802.08000000,3263.13,461.05,16.45,14.13,,LASET S.A.
120766,16/10/2025,B850M PRO-A WIFI,MOTHER ASROCK (AM5) B850M PRO-A WIFI,1.000,131.00000,131.00000000,149.28,18.28,13.95,12.24,,LASET S.A.
121379,09/03/2026,25761,ACCESORIOS TRUST ESTUCHE RIGIDO PARA NINTENDO SWITCH 2 RED GXT1251RB,1.000,8.60000,8.60000000,10.91,2.31,26.9,21.2,,LASET S.A.
121461,13/04/2026,MFW-B2DN-17NPA-R1,COOLER PARA GABINETE COOLER MASTER MF120 LITE ARGB,21.000,5.30000,111.30000000,132.37,21.07,18.93,15.92,,LASET S.A.
121492,22/05/2026,RZ06-05550100-R3U1,JOYSTICK RAZER WOLVERINE V3 8K TOURNAMENT EDITIONT USB PC,5.000,60.05000,300.25000000,366.18,65.93,21.96,18,,LASET S.A.
122464,12/03/2026,MILAN-1CN-1D-N,"TECLA Y DIMMER LED MILAN NEGRO MACROLED, 1 CANAL, AC 250V, 10A MAX. 1 DIMMER, BASTIDOR METALICO",1.000,11.66500,11.66500000,14.34,2.68,22.94,18.66,,CORESA GROUP SRL
106820,19/05/2026,PRIME A520M-K,MOTHER ASUS (AM4) PRIME A520M-K,12.000,42.93000,515.16000000,612.88,97.72,18.97,15.94,,LASET S.A.
117961,07/03/2025,BX8071513400,PROCESADOR INTEL (LGA1700) CORE I5 13400,2.000,182.87000,365.74000000,442.37,76.63,20.95,17.32,,LASET S.A.
121593,09/03/2026,25532,SILLA GAMER TRUST RUYA GXT723 FABRIC TELA BEIGE,1.000,189.06000,189.06000000,224.89,35.83,18.95,15.93,,LASET S.A.
121714,18/05/2026,SX24F2,MONITOR SOLARMAX 23.6 FULL HD VGA/HDMI NEGRO,1.000,34.11000,34.11000000,63.36,29.25,85.76,46.17,,LASET S.A.
122379,13/04/2026,E490-KHNN-S00,GABINETE COOLER MASTER 490 ELITE,4.000,37.80000,151.20000000,173.81,22.61,14.95,13.01,,LASET S.A.
121137,22/06/2026,100-100001504WOF,PROCESADOR AMD (AM4) RYZEN 5 5500X3D,38.000,154.25000,5861.50000000,7450.04,1588.54,27.1,21.32,,LASET S.A.
121440,13/04/2026,MLX-D24M-A18PA-R1,WATER COOLER MASTER MASTERLIQUID 240 CORE NEX ARGB,2.000,57.25000,114.50000000,139.64,25.14,21.95,18,,LASET S.A.
122462,12/03/2026,MILAN-1CN-1D-B,"TECLA Y DIMMER LED MILAN BLANCO MACROLED, 1 CANAL, AC 250V, 10A MAX. 1 DIMMER, BASTIDOR METALICO",2.000,11.63000,23.26000000,28.6,5.34,22.96,18.67,,CORESA GROUP SRL
103752,26/01/2026,DESIRE-500AP-LCD,LYONN UPS DESIRE-500AP LCD,1.000,30.94159,30.94159000,38.66,7.72,24.94,19.96,,SOLYTEC
103819,04/12/2025,22991,MOUSE TRUST REXX ERGO GXT 144,2.000,20.37000,40.74000000,46.02,5.28,12.97,11.48,,LASET S.A.
104321,20/10/2025,RZ02-03330400-R3U1,MOUSEPAD RAZER GIGANTUS V2 XXL,8.000,25.02000,200.16000000,243.82,43.66,21.81,17.91,,LASET S.A.
120852,01/08/2025,LS240WT ARGB,WATER COOLER CPU RAIDMAX INFINITA LS240 ARGB WHITE,1.000,49.42000,49.42000000,57.79,8.37,16.94,14.49,,LASET S.A.
121398,03/12/2025,31320007401,TECLADO WIRELESS GENIUS KB-7123 BLACK,1.000,7.26000,7.26000000,8.34,1.08,14.93,12.99,,LASET S.A.
121451,13/04/2026,MPE-8506-ACAG,FUENTE COOLER MASTER MWE GOLD 850W V3 NM FR (No Modular),8.000,61.09000,488.72000000,596,107.28,21.95,18,,LASET S.A.
118812,22/05/2026,RZ03-04702800-R311,TECLADO GAMER RAZER BLACKWIDOW V4 X YELLOW-SWITCH LINEAR SILENT ESPA�OL,6.000,79.93000,479.58000000,594.43,114.85,23.95,19.32,,LASET S.A.
121101,30/07/2025,R04,D-LINK ROUTER R04 N300 SMART 3 ANTENAS,1.000,10.78000,10.78000000,12.49,1.71,15.91,13.72,,LASET S.A.
119842,21/05/2026,WDS200T2XHE,DISCO SSD M.2 2TB WD BLACK SN850X NVME HEATSINK,3.000,319.09000,957.27000000,1205.67,248.4,25.95,20.6,,LASET S.A.
121088,15/09/2025,CL-W459-PL12SW-A,WATER COOLER THERMALTAKE LA360 ARGB SYNC ALL IN ONE BLACK,2.000,68.43000,136.86000000,164.16,27.3,19.95,16.63,,LASET S.A.
121108,09/03/2026,25682,TECLADO TRUST ZORA MECHANICAL ES GXT871,1.000,27.38000,27.38000000,34.21,6.83,24.95,19.97,,LASET S.A.
119228,04/12/2025,24935,MOUSE TRUST OZAA+MULTI-CONNECT WIRELESS WHITE,1.000,29.77000,29.77000000,38.27,8.5,28.56,22.22,,LASET S.A.
121242,17/06/2026,LS27D300GALXZB,MONITOR SAMSUNG LED 27 IPS D300 100Mhz FHD,1.000,90.38959,90.38959000,117.83,27.44,30.36,23.29,,Stylus SA
121489,13/11/2025,RX-700ACV,FUENTE 700W RAIDMAX VORTEX 80 PLUS BRONZE GAMER,1.000,30.31000,30.31000000,42.42,12.11,39.96,28.55,,LASET S.A.
122550,14/04/2026,HDWG82AXZSTA,DISCO HDD 20TB TOSHIBA N300 NAS 1024MB CMR 7200RPM,3.000,402.05000,1206.15000000,1410.63,204.48,16.95,14.5,,LASET S.A.
120164,12/02/2026,11348-03-20G,PLACA DE VIDEO SAPPHIRE PULSE RX 9070 XT 16GB,5.000,709.00000,3545.00000000,4181.44,636.44,17.95,15.22,,LASET S.A.
117543,13/05/2026,NT01SA500-240-S3X,DISCO SSD NETAC SA500 2.5 SATA3 240 GB,40.000,36.66000,1466.40000000,1877.93,411.53,28.06,21.91,,LASET S.A.
118811,11/12/2025,RZ03-04471100-R311,TECLADO GAMER RAZER ORNATA V3 X SILENT ESPA�OL,4.000,24.01000,96.04000000,119.05,23.01,23.96,19.33,,LASET S.A.
120267,26/05/2026,B760M K V2 DDR4,MOTHER GIGABYTE (LGA1700) B760M K V2 DDR4,1.000,68.24000,68.24000000,78.45,10.21,14.96,13.01,,LASET S.A.
121083,28/07/2025,CA-1Y2-00M6WN-00,GABINETE THERMALTAKE CERES 300 TG ARGB SNOW WHITE TEMPERED GLASS,3.000,70.53000,211.59000000,264.38,52.79,24.95,19.97,,LASET S.A.
103749,30/06/2026,TCA-1200N-V,LYONN ESTABILIZADOR ELECT. TCA-1200N-V,9.000,16.60600,149.45400000,197.18,47.73,31.94,24.21,,SOLYTEC
117726,25/06/2025,100-100000593WOF,PROCESADOR AMD (AM5) RYZEN 5 7600X,2.000,204.00000,408.00000000,448.62,40.62,9.95,9.05,,LASET S.A.
120752,15/09/2025,9H.LNFLJ.LBL,MONITOR 27 BENQ GW2791 FHD IPS 100hz,3.000,91.75000,275.25000000,343.89,68.64,24.94,19.96,,New Bytes INC
121557,22/06/2026,WDS500G4G0E,DISCO SSD M.2 500GB WD GREEN SN3000 NVME,3.000,64.11000,192.33000000,285.06,92.73,48.22,32.53,,LASET S.A.
118301,20/01/2026,AX4U320016G16A-SBKD35,MEMORIA XPG 16GB 16A DDR4 3200 D35,6.000,88.41000,530.46000000,794.47,264.01,49.77,33.23,,LASET S.A.
122442,12/03/2026,MILAN-TC20A-G,"TOMACORRIENTE 20A MILAN GRIS MACROLED, AC 250V, 20A MAX. BASTIDOR METALICO",1.000,1.80500,1.80500000,2.22,0.42,23.16,18.81,,CORESA GROUP SRL
111454,22/06/2026,100-00000263BOX,PROCESADOR AMD (AM4) RYZEN 7 5700G,6.000,155.62000,933.72000000,1101.02,167.3,17.92,15.19,,LASET S.A.
118997,17/02/2025,31030038402,MOUSE WIRELESS MINI GENIUS ERGO 9000S 2.4G/BT CHAMPAGNE/TITANIUM,1.000,7.85000,7.85000000,9.41,1.56,19.93,16.62,,LASET S.A.
119993,15/09/2025,CA-1X2-00M1WN-01,GABINETE THERMALTAKE S200 PLUS TG ARGB BLACK TEMPERED GLASS,1.000,47.63000,47.63000000,53.8,6.17,12.96,11.48,,LASET S.A.
120297,21/05/2026,VEB532G6030KW,MEMORIA PATRIOT DDR5 VIPER ELITE 5 32GB DDR5 CL30 6000MTS WHITE AND BLACK HS KIT PE001086,4.000,356.56000,1426.24000000,1787.8,361.56,25.35,20.22,,LASET S.A.
104936,17/04/2023,24098,TECLADO GAMER LED TRUST ZIVA ES,1.000,10.08500,10.08500000,11.39,1.31,12.97,11.48,,New Bytes INC
119906,25/09/2025,ROG STRIX B850-F GAMING WIFI,MOTHER ASUS (AM5) ROG STRIX B850-F GAMING WIFI,1.000,269.38000,269.38000000,317.74,48.36,17.95,15.22,,LASET S.A.
120647,26/05/2026,B550M DS3H AC R2,MOTHER GIGABYTE (AM4) B550M DS3H AC R2,20.000,80.65000,1613.00000000,1856.06,243.06,15.07,13.1,,LASET S.A.
7326,07/04/2021,31710045100,AURICULAR + MIC HEADSET GENIUS HS-04SU DUAL PLUG,13.000,11.02500,143.32500000,154.52,11.19,7.81,7.24,,New Bytes INC
103319,13/11/2025,SFX-GC783,GABINETE SFX KIT 783 BLACK,1.000,22.35000,22.35000000,27.03,4.68,20.94,17.31,,LASET S.A.
118804,15/10/2025,ARX400G,GABINETE GAMER AUREOX RHEA ARX400G C/VEN,9.000,21.47000,193.23000000,283.94,90.71,46.94,31.95,,LASET S.A.
121122,12/02/2026,11350-03-20G,PLACA DE VIDEO SAPPHIRE PULSE RX 9060 XT GAMING OC 16GB,5.000,432.00000,2160.00000000,2677.35,517.35,23.95,19.32,,LASET S.A.
121393,20/05/2026,31030048400,MOUSE WIRELESS GENIUS NX-8025S BLACK,5.000,5.15000,25.75000000,29.58,3.83,14.87,12.95,,LASET S.A.
108618,12/02/2026,P210S512G25,DISCO SSD PATRIOT P210 SOLID 512GB SATA3 PE000718,2.000,62.34000,124.68000000,174.81,50.13,40.2,28.68,,LASET S.A.
118731,27/05/2026,CTB-2000-AP LCD,LYONN UPS CTB-2000-AP LCD,1.000,145.41330,145.41330000,178.79,33.37,22.95,18.67,,SOLYTEC
118837,22/06/2026,100-100001237BOX,PROCESADOR AMD (AM5) RYZEN 5 8600G,5.000,154.85000,774.25000000,828.94,54.69,7.06,6.6,,LASET S.A.
121655,19/05/2026,TUF GAMING B850-E WIFI,MOTHER ASUS (AM5) TUF GAMING B850-E WIFI,1.000,182.35000,182.35000000,193.65,11.3,6.2,5.84,,LASET S.A.
119259,16/04/2026,GP-UD750GM PG5,FUENTE GAMER GIGABYTE 750W PG5 80 PLUS MODULAR GOLD,2.000,68.12000,136.24000000,163.42,27.18,19.95,16.63,,LASET S.A.
120233,26/06/2026,TUF-RTX5070-O12G-GAMING,PLACA DE VIDEO ASUS TUF RTX 5070 12GB OC GAMING,2.000,729.89000,1459.78000000,1777.04,317.26,21.73,17.85,,LASET S.A.
122626,20/05/2026,31030049400,MOUSE WIRELESS GENIUS NX-7000XE BLACK,7.000,4.05000,28.35000000,33.13,4.78,16.85,14.42,,LASET S.A.
104246,11/06/2026,HL-1200,IMPRESORA BROTHER HL-1200 LASER USB MONO,1.000,97.96769,97.96769000,112.31,14.34,14.64,12.77,,Stylus SA
117731,11/03/2025,9290025248,ACCESORIOS WIZ HUE CABLE 2M RGB LEDSTRIP STARKIT TYPE-C,1.000,29.48174,29.48174000,33.6,4.12,13.96,12.25,,SIGNIFY ARGENTINA S.A.
119729,16/04/2026,GP-P650SS ICE,FUENTE GAMER GIGABYTE 650W ICE 80 PLUS SILVER ATX 3.0 WHITE,1.000,38.32000,38.32000000,44.82,6.5,16.96,14.5,,LASET S.A.
6897,19/02/2026,HUNNOX-1200VA LCD,HUNNOX UPS Y ESTABILIZADOR 1200VA LCD C/USB,1.000,53.98000,53.98000000,74.82,20.84,38.6,27.85,,LASET S.A.
109338,28/08/2025,DWA-185,D-LINK USB WIFI DWA-185 WIFI 5 AC1200 DUAL BAND CON ANTENA,2.000,13.25757,26.51514000,30.21,3.7,13.94,12.24,,EL AUDITOR SA
118221,25/07/2025,PEF64GRLB32U,PEN DRIVE PATRIOT RAGE LITE 64GB USB 3.2 PE000847,1.000,5.61000,5.61000000,12.01,6.4,114,53.27,,LASET S.A.
119804,26/06/2026,VG279Q3A-J,MONITOR 27 ASUS AS VG279Q3A GAMING FHD IPS 180Hz 1ms,6.000,120.09000,720.54000000,911.89,191.35,26.56,20.98,,LASET S.A.
86,10/06/2026,GENSA,ACCESORIOS GENERICO   CABLE SERIAL SATA DATOS,5.000,1.00000,5.00000000,8.74,3.74,74.72,42.77,,INTRACOM S.A.
113157,21/05/2026,P300P512GM28,DISCO SSD PATRIOT P300 512 GB M.2 2280 PCIE GEN3 X4 PE000691,3.000,79.58000,238.74000000,279.93,41.19,17.25,14.71,,LASET S.A.
119899,18/06/2026,PRIME B760M-A,MOTHER ASUS (LGA1700) PRIME B760M-A,1.000,95.17000,95.17000000,105.6,10.43,10.96,9.88,,LASET S.A.
118222,25/07/2025,PEF128GRLB32U,PEN DRIVE PATRIOT RAGE LITE 128GB USB 3.2 PE000848,2.000,9.34000,18.68000000,39.96,21.28,113.94,53.26,,LASET S.A.
119134,21/05/2026,PSD48G32002S,MEMORIA PATRIOT SIGNATURE LINE SODIMM 8GB DDR4 3200 MTS PS001764,2.000,65.11000,130.22000000,165.32,35.1,26.96,21.23,,LASET S.A.
121479,13/11/2025,E302-KGNN-S00,GABINETE COOLER MASTER ELITE 302 BLACK (3 Fans ARGB),2.000,41.71000,83.42000000,100.23,16.81,20.15,16.77,,LASET S.A.
121666,09/02/2026,PRIME RTX5050 O8G,PLACA DE VIDEO ASUS PRIME RTX 5050 8GB OC,1.000,274.25000,274.25000000,350.9,76.65,27.95,21.84,,LASET S.A.
122386,13/04/2026,MF400M-KHNN-S00,GABINETE COOLER MASTER 400 MASTER FRAME MESH BLACK,1.000,91.80000,91.80000000,105.53,13.73,14.96,13.01,,LASET S.A.
108592,14/09/2022,RC21-01560100-R3U1,ACCESORIOS RAZER BUNGEE V3,1.000,16.17000,16.17000000,18.75,2.58,15.94,13.75,,LASET S.A.
121647,26/06/2026,ROG STRIX LC III 360 ARGB LCD,WATER COOLER ASUS ROG STRIX LC III 360 ARGB LCD,1.000,220.30000,220.30000000,281.51,61.21,27.78,21.74,,LASET S.A.
104862,24/02/2021,23400,MOUSE GAMER TRUST QUDOS RGB GXT900,1.000,36.05280,36.05280000,15.14,-20.92,-58.02,-138.19,,New Bytes INC
109352,21/05/2026,PBE240GS25SSDR,DISCO SSD PATRIOT BURST ELITE SOLID 240 GB SATA3 PE000776,12.000,38.76000,465.12000000,606.73,141.61,30.45,23.34,,LASET S.A.
103753,10/06/2026,CTB-800AP-LCD,LYONN UPS CTB-800AP LCD,3.000,35.97650,107.92950000,145.36,37.43,34.68,25.75,,SOLYTEC
109339,14/07/2025,DWA-548,D-LINK PLACA DE RED PCI-E DWA-548 WIFI 4 N300 CON 2 ANTENAS,2.000,8.96000,17.92000000,20.79,2.87,16,13.79,,LASET S.A.
115742,13/05/2026,NT01N535N-512G-N8X,DISCO SSD NETAC N535N M.2 2280 SATAIII 3D NAND SSD 512 GB,4.000,81.60000,326.40000000,373.56,47.16,14.45,12.63,,LASET S.A.
118558,22/11/2023,DSK110-RPA3,SWITCH KIT DUCKY GATERON G PRO RED,1.000,24.99000,24.99000000,28.98,3.99,15.96,13.76,,LASET S.A.
119447,26/05/2026,H610M K DDR4,MOTHER GIGABYTE (LGA1700) H610M K DDR4,2.000,51.70000,103.40000000,118.87,15.47,14.96,13.01,,LASET S.A.
119805,26/06/2026,VG249QL3A-J,MONITOR 24 ASUS TUF GAMING VG249QL3A GAMING FHD IPS 180Hz 1ms,1.000,105.98000,105.98000000,143.93,37.95,35.81,26.37,,LASET S.A.
116862,05/07/2022,KB-NER-TBBRSP-01,TECLADO GAMER TT ESPORTS NEPTUNE ELITE TTC RGB BLUE AXIS BLACK SPANISH,1.000,82.74280,82.74280000,53.76,-28.98,-35.02,-53.9,,LASET S.A.
118172,05/05/2026,A520M K V2,MOTHER GIGABYTE (AM4) A520M K V2,58.000,37.29000,2162.82000000,2715.02,552.2,25.53,20.34,,LASET S.A.
119220,04/12/2025,25146,MOUSE GAMER TRUST BAYO + ERGO WIRELESS BLACK,1.000,20.81000,20.81000000,28.29,7.48,35.97,26.45,,LASET S.A.
121459,13/04/2026,MGY-ADSY-N03G-R1,GRASA SILICONADA COOLER MASTER CRYOFUSE 5 YELLOW,3.000,7.49000,22.47000000,27.84,5.37,23.92,19.3,,LASET S.A.
104191,11/06/2026,HL-1212W,IMPRESORA BROTHER LJ 1212W,3.000,119.19000,357.57000000,406.32,48.75,13.63,12,,Stylus SA
118771,01/08/2025,I800TBF,GABINETE GAMER RAIDMAX INFINITA i800 BLACK ATX TG ARGB,3.000,27.36000,82.08000000,141.13,59.05,71.94,41.84,,LASET S.A.
119140,28/04/2026,100-100001581WOF,PROCESADOR AMD (AM4) RYZEN 9 5900XT,3.000,297.13000,891.39000000,1051.41,160.02,17.95,15.22,,LASET S.A.
119976,25/08/2025,25585,PILAS AAA RECARGABLES USB-C TRUST X2,1.000,5.26000,5.26000000,6.94,1.68,31.86,24.16,,LASET S.A.
120276,26/05/2026,B760M G P WIFI DDR4,MOTHER GIGABYTE (LGA1700) B760M G P WIFI DDR4,16.000,96.16000,1538.56000000,1821.49,282.93,18.39,15.53,,LASET S.A.
121599,09/03/2026,25301,AURICULAR GAMER TRUST FAYZO PURPLE GXT489P,1.000,25.33000,25.33000000,31.65,6.32,24.95,19.97,,LASET S.A.
117544,13/05/2026,NT01SA500-480-S3X,DISCO SSD NETAC SA500 2.5 SATA3 480 GB,1.000,63.93000,63.93000000,84.3,20.37,31.87,24.17,,LASET S.A.
115302,03/09/2024,24126,MOUSE TRUST PUCK WRL RECARGABLE BLUE,1.000,11.77000,11.77000000,13.77,2,16.99,14.52,,LASET S.A.
120365,28/04/2025,NTSSD4P32SP-08W,MEMORIA NETAC SHADOW DDR4 3200 8GB C16 WHITE,8.000,9.64000,77.12000000,566.63,489.51,634.73,86.39,,LASET S.A.
121067,11/03/2026,WDS500G4X0E,DISCO SSD M.2 500GB WD BLACK SN7100 NVME,9.000,72.18000,649.62000000,1099.58,449.96,69.26,40.92,,LASET S.A.
121649,09/02/2026,RYUJIN III 360 ARGB EXTREME WHITE,WATER COOLER ASUS ROG RYUJIN III 360 ARGB EXTREME WHITE,1.000,341.41000,341.41000000,436.82,95.41,27.95,21.84,,LASET S.A.
122467,12/03/2026,MILAN-1CN-1V-N,"TECLA Y DIMMER PARA VENTILADOR MILAN NEGRO MACROLED, 1 CANAL, AC 250V, 10A MAX. 1 DIMMER, BASTIDOR METALICO",2.000,11.63000,23.26000000,28.6,5.34,22.96,18.67,,CORESA GROUP SRL
104578,09/02/2022,23575,MOUSE TRUST JACX GXT930,1.000,14.63920,14.63920000,9.8,-4.84,-33.04,-49.35,,New Bytes INC
121473,13/11/2025,MB520-WGNN-S00,GABINETE COOLER MASTER MASTERBOX 520 MESH WHITE,1.000,56.31000,56.31000000,70.36,14.05,24.95,19.97,,LASET S.A.
122388,13/04/2026,Q540-MGNN-S00,GABINETE COOLER MASTER QUBE 540 STARDUST IRON,12.000,39.96000,479.52000000,551.16,71.64,14.94,13,,LASET S.A.
122479,12/03/2026,MILAN-TCR-N,"TAPA CIEGA RECTANGULAR MILAN NEGRO MACROLED, BASTIDOR METALICO",7.000,1.24500,8.71500000,10.71,1.99,22.86,18.61,,CORESA GROUP SRL
122765,22/06/2026,GV-N5060WF2MAX OC-8GD,PLACA DE VIDEO GIGABYTE RTX 5060 WF2 MAX OC 8G,5.000,326.15000,1630.75000000,1970.3,339.55,20.82,17.23,,LASET S.A.
119263,19/05/2026,PRIME A520M-K/CSM,MOTHER ASUS (AM4) PRIME A520M-K CSM,1.000,44.81000,44.81000000,58.23,13.42,29.95,23.05,,LASET S.A.
119918,22/05/2026,RZ04-05170100-R3U1,AURICULAR GAMER RAZER KRAKEN V4 BLACK HYPERSPEED WIRELESS +BT +USB THX,2.000,152.73000,305.46000000,378.62,73.16,23.95,19.32,,LASET S.A.
120371,10/03/2026,GV-N5070EAGLE OC-12G,PLACA DE VIDEO GIGABYTE RTX 5070 EAGLE OC 12GB,1.000,672.00000,672.00000000,785.93,113.93,16.95,14.5,,LASET S.A.
122705,05/05/2026,GP-UD1000GM PG5 V2,FUENTE GAMER GIGABYTE 1000W PG5 V2 80 PLUS GOLD FULL MODULAR,5.000,84.49000,422.45000000,502.85,80.4,19.03,15.99,,LASET S.A.
116276,03/02/2022,GA-Q270MSTX-CI-Y9-B,MINI PC GIGABYTE BAREBONE Q270M STX,1.000,64.32200,64.32200000,77.15,12.83,19.95,16.63,,LASET S.A.
118862,09/03/2026,25036,MOUSE GAMER TRUST FELOX BLACK GXT109,1.000,6.65000,6.65000000,8.9,2.25,33.89,25.31,,LASET S.A.
119997,15/09/2025,CA-1Y7-00M1WN-01,GABINETE THERMALTAKE VIEW 270 PLUS TG ARGB BLACK TEMPERED GLASS,1.000,58.57000,58.57000000,70.26,11.69,19.95,16.63,,LASET S.A.
104842,09/03/2026,23791,MICROFONO TRUST GXT212 MICO USB,1.000,11.09000,11.09000000,13.86,2.77,24.99,19.99,,LASET S.A.
119087,03/12/2025,ARX 205G VANTH,GABINETE GAMER AUREOX VANTH ARX 205G,1.000,16.72000,16.72000000,24.4,7.68,45.92,31.47,,LASET S.A.
117530,14/07/2025,DIR-2150,D-LINK ROUTER DIR-2150  WIFI 5 AC2100 4 ANTENAS DUAL BAND,1.000,30.39000,30.39000000,36.9,6.51,21.41,17.64,,LASET S.A.
120270,26/05/2026,A620I AX,MOTHER GIGABYTE (AM5) A620I AX,1.000,127.18000,127.18000000,133.51,6.33,4.98,4.74,,LASET S.A.
121668,09/02/2026,PRIME-RX9070-O16G-EVO,PLACA DE VIDEO ASUS PRIME RX 9070 16GB OC EVO,2.000,587.67000,1175.34000000,1421.58,246.24,20.95,17.32,,LASET S.A.
118092,16/10/2025,100-100001015BOX,PROCESADOR AMD (AM5) RYZEN 5 7600 C/COOLER,1.000,174.60000,174.60000000,200.71,26.11,14.95,13.01,,LASET S.A.
121289,12/03/2026,MILAN-2CN-G,"TECLA MILAN GRIS MACROLED, 2 CANAL, 2 VIAS, AC 250V, 10A MAX. BASTIDOR METALICO",4.000,2.08000,8.32000000,10.4,2.08,25.03,20.02,,CORESA GROUP SRL
121443,13/04/2026,MLX-D36M-A18PA-RW,WATER COOLER MASTER MASTERLIQUID 360 CORE NEX ARGB BLANCO,2.000,66.15000,132.30000000,157.99,25.69,19.42,16.26,,LASET S.A.
122605,22/05/2026,RZ19-05380200-R3U1,WEBCAM RAZER KIYO V2 X QUARTZ PINK 1440P 60 FPS,5.000,55.38000,276.90000000,345.98,69.08,24.95,19.97,,LASET S.A.
109605,04/12/2025,24067,TECLADO TRUST THADO TKL ES GXT833,3.000,11.78000,35.34000000,43.45,8.11,22.95,18.67,,LASET S.A.
117870,20/05/2026,31030027401,MOUSE WIRELESS GENIUS NX-7000 WHITE,10.000,4.28000,42.80000000,54.36,11.56,27.01,21.27,,LASET S.A.
2936,13/11/2025,SFX_500,FUENTE SFX 500W 20+4 SATA,21.000,8.48000,178.08000000,204.77,26.69,14.99,13.03,,LASET S.A.
104347,24/02/2021,23335,MOUSE TRUST SKETCH SILENT WIRELESS BLUE,1.000,8.85080,8.85080000,10.24,1.39,15.71,13.57,,New Bytes INC
116370,28/04/2025,NTSDD4P32SP-08R,MEMORIA NETAC SHADOW DDR4 3200 8GB C16 RED,1.000,11.25000,11.25000000,74.23,62.98,559.78,84.84,,LASET S.A.
121640,09/02/2026,GP-P650G,FUENTE GAMER GIGABYTE 650W 80 PLUS GOLD,8.000,39.14000,313.12000000,381.89,68.77,21.96,18.01,,LASET S.A.
111356,08/05/2026,PASTERMAX A90,GRASA SILICONADA PASTERMAX PARA CPU A90 (GRIS) PASTA TERMICA,3.000,1.83095,5.49285000,7.13,1.64,29.77,22.94,,RUBI�O ANABEL ROMINA
118452,22/05/2026,RZ01-03850100-R3M1,MOUSE GAMER RAZER DEATHADDER ESSENTIAL BLACK,44.000,13.98000,615.12000000,782.59,167.47,27.22,21.4,,LASET S.A.
118770,01/08/2025,X922TBF,GABINETE GAMER RAIDMAX MESHIAN X922 BLACK ATX TG ARGB,2.000,23.94000,47.88000000,86.15,38.27,79.93,44.42,,LASET S.A.
119887,20/04/2025,GP-UD850GM PG5W,FUENTE GAMER GIGABYTE 850W 80 PLUS ICE (BLANCA) PG5,1.000,88.72000,88.72000000,101.1,12.38,13.96,12.25,,LASET S.A.
120102,03/12/2025,31250017400,BASE AURICULARES GENIUS GX-UH100 USB-C RGB,2.000,12.06000,24.12000000,27.25,3.13,12.99,11.5,,LASET S.A.
120656,26/05/2026,H810M K,MOTHER GIGABYTE (LGA 1851) H810M K,1.000,73.43000,73.43000000,82.5,9.07,12.36,11,,LASET S.A.
120688,12/03/2026,MILAN-1CN-B,"TECLA MILAN BLANCO MACROLED, 1 CANAL, 2 VIAS, AC 250V, 10A MAX. BASTIDOR METALICO",10.000,1.31500,13.15000000,19.64,6.49,49.34,33.04,,CORESA GROUP SRL
103792,20/05/2026,31730029400,PARLANTE GENIUS USB SP-HF180 MADERA,11.000,6.38000,70.18000000,85.48,15.3,21.81,17.9,,LASET S.A.
120874,03/07/2025,INVADERXMINIMT-BKCWW,GABINETE ADATA XPG INVADER X MINI BLACK,3.000,42.71000,128.13000000,145.16,17.03,13.29,11.73,,LASET S.A.
121107,25/08/2025,25328,ESCRITORIO TRUST GXT709W LUMINUS RGB WHITE,1.000,129.04000,129.04000000,161.23,32.19,24.95,19.97,,LASET S.A.
121521,,1X4CXMT,CABLE UNIPOLAR 4MM CELESTE X1MT - ARGENPLAS,20.000,0.44000,8.80000000,11.02,2.22,25.18,20.11,,
122603,05/05/2026,MO27Q28G SA,MONITOR GAMER GIGABYTE 26.5 OLED MO27Q28G-SA,2.000,600.88000,1201.76000000,1501.46,299.7,24.94,19.96,,LASET S.A.
121216,03/09/2025,H810M GAMING WIFI6,MOTHER GIGABYTE (LGA 1851) H810M GAMING WIFI6,1.000,99.78000,99.78000000,110.17,10.39,10.41,9.43,,LASET S.A.
121481,13/04/2026,MAY-T2HP-217PA-R1,COOLER CPU COOLER MASTER HYPER 212 3DHP BLACK ARGB,3.000,25.54000,76.62000000,98.81,22.19,28.96,22.45,,LASET S.A.
122371,13/04/2026,MAZ-T2HP-217PK-R1,COOLER CPU COOLER MASTER V4 ALPHA 3DHP BLACK,5.000,32.83000,164.15000000,190.33,26.18,15.95,13.76,,LASET S.A.
111597,07/10/2021,TEC ARXP-GK600,TECLADO MEC AUREOX UNRIVAILED GAMING GK600,1.000,20.62480,20.62480000,25.36,4.73,22.94,18.66,,LASET S.A.
121136,22/05/2026,RZ01-04640100-R3M1,MOUSE GAMER RAZER DEATHADDER V3 30K WIRED,3.000,43.39000,130.17000000,137.02,6.85,5.26,5,,LASET S.A.
121558,12/02/2026,WDS100T4G0E,DISCO SSD M.2 1TB WD GREEN SN3000 NVME,2.000,92.85000,185.70000000,334.13,148.43,79.93,44.42,,LASET S.A.
122456,12/03/2026,MILAN-2CN-2USB-C-G,"TECLA Y DOBLE USB-C MILAN GRIS MACROLED, 2 CANALES, AC 250V, 10A MAX. BASTIDOR METALICO",1.000,10.18500,10.18500000,12.53,2.34,22.98,18.68,,CORESA GROUP SRL
119905,25/09/2025,ROG STRIX B850-A GAMING WIFI,MOTHER ASUS (AM5) ROG STRIX B850-A GAMING WIFI,1.000,247.38000,247.38000000,291.79,44.41,17.95,15.22,,LASET S.A.
120247,10/11/2025,DM-ENC1WF,ENCHUFE HUNNOX SMART BLANCO,1.000,6.27000,6.27000000,14.28,8.01,127.74,56.09,,LASET S.A.
104903,25/06/2021,9H.N0HBB.A2E,MOUSE GAMER ZOWIE GEAR S2 BLACK,1.000,65.31960,65.31960000,33.96,-31.36,-48.02,-92.37,,New Bytes INC
119264,19/05/2026,PRIME B760M-A D4-CSM,MOTHER ASUS (LGA1700) PRIME B760M-A D4 CSM,1.000,88.53000,88.53000000,106.19,17.66,19.95,16.63,,LASET S.A.
121163,08/08/2025,LM1900,MONITOR DAIHATSU LED 19 LM1900 HD HDMI VGA BLACK,1.000,52.91691,52.91691000,64.54,11.62,21.96,18,,international trends
122449,12/03/2026,MILAN-1CN-1TC-N,"TECLA Y TOMACORRIENTE MILAN NEGRO MACROLED, 1 CANAL, AC 250V, 10A MAX. BASTIDOR METALICO",2.000,2.07500,4.15000000,5.1,0.95,22.88,18.62,,CORESA GROUP SRL
116794,13/08/2025,NTBSD4P32SP-08,MEMORIA NETAC BASIC DDR4 DIMM 8GB 3200 C16,4.000,13.98000,55.92000000,282.29,226.37,404.82,80.19,,LASET S.A.
118888,01/03/2024,23650,MOUSE TRUST VOCA CONFORT,1.000,6.13000,6.13000000,7.23,1.1,17.97,15.24,,LASET S.A.
119368,21/05/2026,PVV532G600C30K,MEMORIA PATRIOT VIPER VENOM DDR5 32GB 6000MT/S CL30 BLK/SIR HS DUAL KIT PE001005,4.000,356.56000,1426.24000000,1733.63,307.39,21.55,17.73,,LASET S.A.
119938,04/12/2025,25482,SOPORTE TRUST ZEFF LAPTOP STAND,1.000,19.59000,19.59000000,25.85,6.26,31.94,24.21,,LASET S.A.
121082,28/07/2025,CA-1Y2-00M1WN-00,GABINETE THERMALTAKE CERES 300 TG ARGB BLACK TEMPERED GLASS,3.000,70.53000,211.59000000,264.69,53.1,25.1,20.06,,LASET S.A.
121697,21/05/2026,100-100000743SBX,PROCESADOR AMD (AM4) RYZEN 7 5700,16.000,124.25000,1988.00000000,2286.53,298.53,15.02,13.06,,LASET S.A.
104832,03/12/2025,ARXGU-80PBZ-550W,FUENTE GAMER AUREOX 550W BRONZE 80+PSU,7.000,21.65000,151.55000000,216.62,65.07,42.94,30.04,,LASET S.A.
121063,26/05/2026,GV-R9060XTGAMING OC-16GD,PLACA DE VIDEO GIGABYTE RADEON RX 9060XT GAMING OC 16GB,9.000,439.45000,3955.05000000,4586.05,631,15.95,13.76,,LASET S.A.
103722,20/05/2026,31730029401,PARLANTE GENIUS USB SP-HF180 BLACK,4.000,6.38000,25.52000000,31.9,6.38,25.02,20.01,,LASET S.A.
119972,09/03/2026,25548,WEBCAM TRUST TANOR FULL HD,1.000,15.37000,15.37000000,19.21,3.84,24.96,19.97,,LASET S.A.
120098,17/02/2025,31030039407,MOUSE WIRELESS MINI GENIUS ERGO 9000S PRO RECARGABLE PINE/WOOD,1.000,11.25000,11.25000000,10.34,-0.91,-8.07,-8.78,,LASET S.A.
119117,23/04/2026,NT01SA500-960-S3X,DISCO SSD NETAC SA500 2.5 SATA3 960 GB,1.000,42.40000,42.40000000,144.11,101.71,239.87,70.58,,LASET S.A.
120145,,I801AWF,GABINETE GAMER RAIDMAX INFINITA i801 AIR WHITE E-ATX TG ARGB,1.000,33.39000,33.39000000,54.07,20.68,61.93,38.25,,LASET S.A.
120205,26/06/2026,PRIME B840M-A WIFI,MOTHER ASUS (AM5) PRIME B840M-A WIFI,1.000,113.88000,113.88000000,135.47,21.59,18.96,15.93,,LASET S.A.
121105,24/06/2026,25145,MOUSE GAMER TRUST BAYO II + ERGO WIRELESS BLACK,2.000,14.70000,29.40000000,33.62,4.22,14.35,12.55,,LASET S.A.
122768,26/05/2026,B850M EAGLE WF6E ICE,MOTHER GIGABYTE (AM5) B850M EAGLE WF6E ICE,3.000,140.62000,421.86000000,493.36,71.5,16.95,14.49,,LASET S.A.
101260,23/04/2026,TR2-600NL2NC,FUENTE GAMER THERMALTAKE TR2 600W,1.000,50.08500,50.08500000,31.04,-19.05,-38.03,-61.37,,LASET S.A.
116713,28/04/2026,100-100000457BOX,PROCESADOR AMD (AM4) RYZEN 5 5500 3.6GHZ,37.000,83.63000,3094.31000000,3582.07,487.76,15.76,13.62,,LASET S.A.
118449,11/12/2025,RZ01-04660100-R3U1,MOUSE GAMER RAZER COBRA PRO BLACK WIRELESS,1.000,82.33000,82.33000000,79.63,-2.7,-3.28,-3.39,,LASET S.A.
104654,21/05/2026,PSD48G320081,MEMORIA PATRIOT SIGNATURE LINE DDR4 8 GB 3200 MHZ PS001556,15.000,60.68000,910.20000000,1036.04,125.84,13.83,12.15,,LASET S.A.
118151,28/04/2026,100-100000910WOF,PROCESADOR AMD (AM5)  RYZEN 7 7800X3D,1.000,372.08000,372.08000000,412.84,40.76,10.96,9.87,,LASET S.A.
120211,26/06/2026,TUF GAMING B860-PLUS WIFI,MOTHER ASUS (LGA 1851) TUF GAMING B860-PLUS WIFI,1.000,186.35000,186.35000000,212.35,26,13.95,12.25,,LASET S.A.
104833,03/12/2025,ARXGU-80PBZ-650W,FUENTE GAMER AUREOX 650W BRONZE 80+PSU,33.000,23.63000,779.79000000,1114.81,335.02,42.96,30.05,,LASET S.A.
104835,22/05/2026,RZ04-03240100-R3U1,AURICULAR GAMER RAZER BLACKSHARK V2 X BLACK ANALOG 3.5mm,9.000,35.60000,320.40000000,432.37,111.97,34.95,25.9,,LASET S.A.
117859,07/03/2025,929002690312,LAMPARA WIZ HUE WI-FI BLE PORTABLE SQUIRE TYPE C,2.000,37.43177,74.86354000,87.56,12.69,16.95,14.5,,SIGNIFY ARGENTINA S.A.
119706,20/05/2026,31730049402,PARLANTE GENIUS SP-HF1200B 36W 2WAY,1.000,45.40000,45.40000000,55.37,9.97,21.95,18,,LASET S.A.
120800,12/03/2026,MILAN-2CN-N,"TECLA MILAN NEGRO MACROLED, 2 CANAL, 2 VIAS, AC 250V, 10A MAX. BASTIDOR METALICO",1.000,2.08000,2.08000000,3.11,1.03,49.56,33.14,,CORESA GROUP SRL
121149,20/01/2026,SLEG-860-1000GCS,DISCO SSD 1TB ADATA LEGEND 860 M.2 NVME 4x4 6000MB/s,6.000,135.12000,810.72000000,1077.8,267.08,32.94,24.78,,LASET S.A.
122461,12/03/2026,MILAN-2TC-1USB-C-G,"TOMACORRIENTE DOBLE Y USB-C MILAN GRIS MACROLED, AC 250V, 10A MAX. 1 USB-C DE 20W, BASTIDOR METALICO",1.000,11.34000,11.34000000,13.94,2.6,22.95,18.67,,CORESA GROUP SRL
121485,13/11/2025,RX-650XTB,FUENTE GAMER 650W RAIDMAX XTB,1.000,19.24000,19.24000000,27.89,8.65,44.94,31.01,,LASET S.A.
122356,11/03/2026,RX9060XT SL 8G,PLACA DE VIDEO ASROCK RX9060XT 8GB OC STEEL LEGEND WHITE,8.000,316.50000,2532.00000000,3163.71,631.71,24.95,19.97,,LASET S.A.
121601,24/06/2026,25717,MOUSE PAD TRUST XXL JAPAN WHITE GXT759,1.000,9.91000,9.91000000,10.52,0.61,6.21,5.84,,LASET S.A.
122447,12/03/2026,MILAN-1CN-1TC-B,"TECLA Y TOMACORRIENTE MILAN BLANCO MACROLED, 1 CANAL, AC 250V, 10A MAX. BASTIDOR METALICO",5.000,1.80500,9.02500000,11.12,2.09,23.17,18.81,,CORESA GROUP SRL
102894,13/11/2025,SFX-GC782,GABINETE SFX KIT 782 BLACK,1.000,22.35000,22.35000000,27.03,4.68,20.94,17.31,,LASET S.A.
103748,10/06/2026,TCA-2000N-V,LYONN ESTABILIZADOR ELECT. TCA-2000N-V,13.000,23.72144,308.37872000,382.92,74.55,24.17,19.47,,SOLYTEC
122555,14/04/2026,SDSSDE30-2T00-G26,SSD EXTERNO 2TB SANDISK PORTABLE USB-C 3.2 800Mbps,3.000,206.26000,618.78000000,841.19,222.41,35.94,26.44,,LASET S.A.
102278,20/05/2026,31300005401,TECLADO GENIUS KB-100 SMART USB BLACK,5.000,4.26000,21.30000000,22.65,1.35,6.32,5.95,,LASET S.A.
104831,23/04/2026,ARXGP-600W,FUENTE GAMER AUREOX 600W PSU ARXGP-600,5.000,16.71000,83.55000000,111.89,28.34,33.92,25.33,,LASET S.A.
104466,16/10/2025,BX8070110400,PROCESADOR INTEL (LGA1200) CORE I5 10400,5.000,102.18000,510.90000000,740.52,229.62,44.94,31.01,,LASET S.A.
119933,22/05/2026,RZ01-05240100-R3U1,MOUSE GAMER RAZER BASILISK V3 PRO BLACK 35K  HYPERSPEED WIRELESS,1.000,98.37000,98.37000000,121.93,23.56,23.95,19.32,,LASET S.A.
120360,05/05/2026,GS25F2 SA,MONITOR GAMER GIGABYTE 24.5 GS25F2 200hz,5.000,95.04000,475.20000000,627.76,152.56,32.1,24.3,,LASET S.A.
121292,12/03/2026,MILAN-1CN-G,"TECLA MILAN GRIS MACROLED, 1 CANAL, 2 VIAS, AC 250V, 10A MAX. BASTIDOR METALICO",2.000,1.63000,3.26000000,4.08,0.82,25.14,20.09,,CORESA GROUP SRL
119142,21/05/2026,100-00000662WOF,PROCESADOR AMD (AM5) RYZEN 9 9900X,1.000,392.00000,392.00000000,434.95,42.95,10.96,9.87,,LASET S.A.
119247,05/05/2026,GB-C102G,GABINETE GAMER GIGABYTE C102G M-ATX BLACK,10.000,27.60000,276.00000000,331.21,55.21,20,16.67,,LASET S.A.
119961,25/08/2025,25302,AURICULAR GAMER TRUST FAYZO 7.1 WHITE GXT490W,1.000,35.51000,35.51000000,44.37,8.86,24.95,19.97,,LASET S.A.
119971,10/02/2025,25110,PARLANTE BARRA DE SONIDO TRUST THORNE RGB WHITE GXT619W,3.000,25.92000,77.76000000,98.71,20.95,26.95,21.23,,LASET S.A.
120807,09/02/2026,GP--AE850PM PG5,FUENTE GAMER GIGABYTE 850W PG5 AORUS ELITE PLATINUM MODULAR ATX3.1,2.000,108.95000,217.90000000,257.02,39.12,17.95,15.22,,LASET S.A.
120209,19/05/2026,TUF GAMING B850-PLUS WIFI,MOTHER ASUS (AM5) TUF GAMING B850-PLUS WIFI,1.000,201.06000,201.06000000,253.23,52.17,25.95,20.6,,LASET S.A.
120648,26/05/2026,B850M D3HP,MOTHER GIGABYTE (AM5) B850M D3HP,1.000,103.45000,103.45000000,116.85,13.4,12.95,11.47,,LASET S.A.
121483,13/11/2025,H200ZA,GABINETE GAMER RAIDMAX HURRIKAN H200 E-ATX ARGB PWM WHITE/BLACK,1.000,43.43000,43.43000000,78.14,34.71,79.93,44.42,,LASET S.A.
120649,03/09/2025,B840M A ELITE WIFI6E,MOTHER GIGABYTE (AM5) B840M AORUS ELITE WIFI6E,1.000,143.20000,143.20000000,161.75,18.55,12.95,11.47,,LASET S.A.
120753,20/04/2026,9H.LNELJ.LBL,MONITOR 24 BENQ GW2491 BLACK FHD IPS 100hz,3.000,68.48000,205.44000000,256.68,51.24,24.94,19.96,,LST GLOBAL
121256,15/09/2025,CL-F191-PL14SW-A,COOLER THERMALTAKE CT140 EX ARGB SYNC WHITE,1.000,48.52000,48.52000000,51.52,3,6.19,5.83,,LASET S.A.
122378,13/04/2026,E600-WGNN-S01,GABINETE COOLER MASTER 600 ELITE WHITE ARGB x 4 COOLERS,11.000,59.40000,653.40000000,735.26,81.86,12.53,11.13,,LASET S.A.
101396,19/02/2026,BATERIA 12V 8AH,HUNNOX BATERIA UPS 12V 8AH,2.000,9.73000,19.46000000,29.35,9.89,50.81,33.69,,LASET S.A.
118450,22/05/2026,RZ01-04650100-R3M1,MOUSE GAMER RAZER COBRA,15.000,25.92000,388.80000000,501.89,113.09,29.09,22.53,,LASET S.A.
120415,19/05/2026,PA278QV-J,MONITOR 27 ASUS PA278QV WQHD 75HZ IPS ERGO,4.000,186.21000,744.84000000,1027.71,282.87,37.98,27.52,,LASET S.A.
121367,24/06/2026,25133,MOUSE TRUST VERTO ERGO VERTICAL WHITE,1.000,9.90000,9.90000000,12.77,2.87,28.99,22.47,,LASET S.A.
121438,22/06/2026,ZT-B50500H-10M,PLACA DE VIDEO ZOTAC RTX 5050 8GB TWIN EDGE,1.000,291.98000,291.98000000,338.56,46.58,15.95,13.76,,LASET S.A.
121712,18/05/2026,SX19F6,MONITOR SOLARMAX 19.3 VGA/HD+ SLIM NEGRO,11.000,20.35000,223.85000000,448.07,224.22,100.17,50.04,,LASET S.A.
122782,19/05/2026,ROG-STRIX-1200P-GAMING,FUENTE ASUS ROG STRIX 1200W Platinum,1.000,190.25000,190.25000000,218.7,28.45,14.95,13.01,,LASET S.A.
115289,09/03/2026,23532,AURICULAR GAMER TRUST FORZE PS4 GXT488 BLUE,1.000,26.28000,26.28000000,35.41,9.13,34.74,25.78,,LASET S.A.
118911,03/09/2024,25087,AURICULAR TRUST AYDA PC,1.000,14.04000,14.04000000,17.4,3.36,23.94,19.31,,LASET S.A.
104979,25/06/2021,9H.N2EBB.A2E,MOUSE GAMER ZOWIE FK1+-B BLACK,1.000,65.31960,65.31960000,33.96,-31.36,-48.02,-92.37,,New Bytes INC
122629,20/05/2026,31300021401,TECLADO GENIUS KB-123 BLACK,3.000,4.85000,14.55000000,17.01,2.46,16.92,14.47,,LASET S.A.
117369,03/06/2024,31030009406,MOUSE MINI WIRELESS GENIUS NX-9000BT IRON-GRAY RECARGABLE,1.000,12.90000,12.90000000,9.92,-2.98,-23.07,-29.98,,LASET S.A.
121267,12/03/2026,MILAN-2CN-B,"TECLA MILAN BLANCO MACROLED, 2 CANAL, 2 VIAS, AC 250V, 10A MAX. BASTIDOR METALICO",15.000,1.72000,25.80000000,30.9,5.1,19.78,16.51,,CORESA GROUP SRL
119726,05/05/2026,GP-P550SS,FUENTE GAMER GIGABYTE 550W 80 PLUS SILVER ATX 3.0,4.000,31.75000,127.00000000,152.35,25.35,19.96,16.64,,LASET S.A.
122627,20/05/2026,31030052400,MOUSE WIRELESS GENIUS NX-8280S BT+2.4 GHz RECARGABLE BLACK,1.000,10.03000,10.03000000,11.53,1.5,14.91,12.97,,LASET S.A.
121291,12/03/2026,MILAN-2TC-G,"TOMACORRIENTE DOBLE MILAN GRIS MACROLED, AC 250V, 10A MAX. BASTIDOR METALICO",14.000,1.68000,23.52000000,29.41,5.89,25.05,20.03,,CORESA GROUP SRL
115743,13/05/2026,NT01N535N-001T-N8X,DISCO SSD NETAC N535N M.2 2280 SATAIII 3D NAND SSD 1TB,2.000,137.41000,274.82000000,324.15,49.33,17.95,15.22,,LASET S.A.
119218,04/12/2025,25144,MOUSE GAMER TRUST BAYO II ERGO WIRED BLACK,1.000,11.37000,11.37000000,15.45,4.08,35.91,26.42,,LASET S.A.
120532,17/06/2025,CA-1Y8-00S1WN-02,GABINETE GAMER THERMALTAKE VERSA H16 TG ARGB BLACK TEMP GLASS,2.000,34.55000,69.10000000,77.36,8.26,11.95,10.67,,LASET S.A.
121449,13/04/2026,MPE-6502-ACAAG,FUENTE COOLER MASTER MWE GOLD 650W V3 NM FR (No Modular),11.000,44.06000,484.66000000,557.18,72.52,14.96,13.02,,LASET S.A.
111605,07/10/2021,GC1000,TECLADO y MOUSE + PAD AUREOX LIFELIGHT GAMING GC1000,1.000,17.17960,17.17960000,21.12,3.94,22.96,18.67,,LASET S.A.
121439,13/04/2026,RR-S4NA-17PA-R1,COOLER CPU COOLER MASTER HYPER 212 SPECTRUM V3 RGB,28.000,11.65000,326.20000000,466.38,140.18,42.97,30.06,,LASET S.A.
108561,23/08/2022,31731062101,PARLANTE PORTATIL BLUETOOTH GENIUS SP-925BT WHITE,2.000,27.89640,55.79280000,19.52,-36.27,-65.01,-185.8,,LASET S.A.
111600,07/10/2021,MOU ARXP-GM600,MOUSE AUREOX AIMASTER GAMING GM600,1.000,11.69280,11.69280000,14.73,3.04,25.96,20.61,,LASET S.A.
118357,22/06/2026,100-100000644BOX,PROCESADOR AMD (AM4) RYZEN 5 4500 65W,1.000,69.58000,69.58000000,80.68,11.1,15.96,13.76,,LASET S.A.
121406,03/12/2025,31620005400,VOLANTE Y PEDALERA GENIUS SPEEDMASTER X1 CAJA MANUAL,3.000,84.62000,253.86000000,321.43,67.57,26.62,21.02,,LASET S.A.
122387,13/04/2026,MF400M-SHNN-S00,GABINETE COOLER MASTER 400 MASTER FRAME MESH SILVER,2.000,91.80000,183.60000000,211.06,27.46,14.96,13.01,,LASET S.A.
122532,19/05/2026,M701 ROG AZOTH/NXSW/ES,TECLADO WIRELESS ASUS ROG AZOTH M701 NX ESPA�OL MECA 75%,2.000,151.09000,302.18000000,350.39,48.21,15.95,13.76,,LASET S.A.
104286,23/04/2026,PBU960GS25SSDR,DISCO PATRIOT BURST SOLID 960 GB SATA3 SSD,1.000,98.18240,98.18240000,112.62,14.44,14.7,12.82,,New Bytes INC
104830,03/12/2025,ARXGP-500W,FUENTE AUREOX 500W ARXGP 500,8.000,15.65000,125.20000000,168.91,43.71,34.91,25.88,,LASET S.A.
111598,07/10/2021,TEC ARXP-GK400,TECLADO AUREOX BATTLETAG GAMING GK400,3.000,8.93200,26.79600000,32.13,5.33,19.9,16.6,,LASET S.A.
120429,25/08/2025,25631,PILAS AA RECARGABLES USB-C TRUST X4,3.000,13.19000,39.57000000,49.05,9.48,23.96,19.33,,LASET S.A.
122478,12/03/2026,MILAN-TCR-G,"TAPA CIEGA RECTANGULAR MILAN GRIS MACROLED, BASTIDOR METALICO",3.000,1.24500,3.73500000,4.59,0.85,22.88,18.62,,CORESA GROUP SRL
121090,15/09/2025,CL-W462-PL12SW-A,WATER COOLER THERMALTAKE LA360-S ARGB SYNC ALL IN ONE BLACK,1.000,79.78000,79.78000000,96.49,16.71,20.95,17.32,,LASET S.A.
121484,13/11/2025,RX-550XTB,FUENTE GAMER 550W RAIDMAX XTB,1.000,16.90000,16.90000000,23.65,6.75,39.96,28.55,,LASET S.A.
121672,12/02/2026,P220S256G25,DISCO SSD PATRIOT P220 256GB 2.5 SATA3 PS001662,2.000,38.44000,76.88000000,106.06,29.18,37.95,27.51,,LASET S.A.
122633,20/05/2026,31730059404,PARLANTE BLUETOOTH GENIUS SP-HF1220BT 45W PINE WOOD,1.000,66.99000,66.99000000,78.35,11.36,16.95,14.49,,LASET S.A.
117843,06/06/2023,NTSWD4P32SP-08W,MEMORIA NETAC SHADOW II DDR4 3200 8GB C16 WHITE,1.000,17.79000,17.79000000,16.4,-1.39,-7.81,-8.47,,LASET S.A.
120003,15/09/2025,CA-1Z4-00M1WN-00,GABINETE THERMALTAKE VIEW 170 TG ARGB BLACK TEMPERED GLASS,12.000,32.78000,393.36000000,450.84,57.48,14.61,12.75,,LASET S.A.
120689,12/03/2026,MILAN-2TC-B,"TOMACORRIENTE DOBLE MILAN BLANCO MACROLED, AC 250V, 10A MAX. BASTIDOR METALICO",7.000,1.43000,10.01000000,14.35,4.34,43.33,30.23,,CORESA GROUP SRL
120812,26/05/2026,GP-GIGABYTE GME 240,WATER COOLER GIGABYTE GAMING GME 240,1.000,60.64000,60.64000000,70.92,10.28,16.95,14.5,,LASET S.A.
121486,13/11/2025,RX-600ACV,FUENTE 600W RAIDMAX VORTEX 80 PLUS WHITE GAMER,1.000,22.15000,22.15000000,31,8.85,39.94,28.54,,LASET S.A.
123047,,ZT-B50610H-10A,PLACA DE VIDEO ZOTAC RTX 5060TI 8GB TWIN EDGE OC,1.000,388.28000,388.28000000,454.1,65.82,16.95,14.5,,LASET S.A.
104666,13/04/2022,18679,WEBCAM TRUST TRINO HD,1.000,25.85520,25.85520000,12.15,-13.71,-53.02,-112.84,,LASET S.A.
117537,30/07/2025,R15,D-LINK ROUTER R15 SMART WIFI 6 AX1500 4 ANTENAS DUAL BAND - BLANCO,1.000,27.89000,27.89000000,32.89,5,17.94,15.21,,LASET S.A.
121081,28/07/2025,CA-1T9-00M6WN-00,GABINETE THERMALTAKE H570 TG SNOW WHITE TEMPERED GLASS,1.000,48.83000,48.83000000,58.57,9.74,19.94,16.63,,LASET S.A.
118267,26/05/2026,A520M DS3H V2,MOTHER GIGABYTE (AM4) A520M DS3H V2,3.000,55.84000,167.52000000,194.25,26.73,15.96,13.76,,LASET S.A.
122524,19/05/2026,P521 TG MINI WL MOUSE MIKU EDITION,MOUSE ASUS P521 TG MINI WL MOUSE MIKU EDITION,5.000,61.48000,307.40000000,342.67,35.27,11.47,10.29,,LASET S.A.
119127,20/01/2026,AX4U320016G16A-SBKD35G,MEMORIA XPG 16GB 18I DDR4 3200 RGB,1.000,89.98000,89.98000000,164.6,74.62,82.93,45.33,,LASET S.A.
120836,25/06/2025,A00581,ACCESORIOS ARGOMTECH CAJA PARA SSD M.2 PCI-E CON TIPE-C,1.000,17.67000,17.67000000,21.2,3.53,19.95,16.63,,Ceven
121166,26/06/2026,PRIME LC 240 ARGB,WATER COOLER ASUS PRIME LC 240 ARGB,2.000,65.28000,130.56000000,153.67,23.11,17.7,15.04,,LASET S.A.
122382,13/04/2026,E681-KHNN-S00,GABINETE COOLER MASTER ELITE 681,6.000,47.52000,285.12000000,327.79,42.67,14.96,13.02,,LASET S.A.
122448,12/03/2026,MILAN-1CN-1TC-G,"TECLA Y TOMACORRIENTE MILAN GRIS MACROLED, 1 CANAL, AC 250V, 10A MAX. BASTIDOR METALICO",2.000,2.07050,4.14100000,5.1,0.96,23.15,18.8,,CORESA GROUP SRL
122606,22/05/2026,RZ01-04550100-R3U1,MOUSE GAMER RAZER VIPER V3 PRO SE HYPERSPEED WIRELESS 35K 8KHz,5.000,61.48000,307.40000000,368.73,61.33,19.95,16.63,,LASET S.A.
120366,10/03/2026,GV-N5070EAGLEOC ICE 12GD,PLACA DE VIDEO GIGABYTE RTX 5070 EAGLE OC ICE 12GB (WHITE),3.000,683.51000,2050.53000000,2364,313.47,15.29,13.26,,LASET S.A.
121364,22/09/2025,IM1302004,LAMPARA DEPOSITO / GALPONERA 50W 6500K 4500LMS TREFI,1.000,3.22000,3.22000000,4.02,0.8,24.79,19.87,,CONDUC3 SRL
121520,,1x4Rxmt,CABLE UNIPOLAR 4MM ROJO X1MT - ARGENPLAS,20.000,0.44000,8.80000000,8.76,-0.04,-0.42,-0.42,,
122443,12/03/2026,MILAN-TC20A-N,"TOMACORRIENTE 20A MILAN NEGRO MACROLED, AC 250V, 20A MAX. BASTIDOR METALICO",11.000,1.80500,19.85500000,24.46,4.6,23.17,18.81,,CORESA GROUP SRL
100147,02/06/2025,IT-11E,SOPORTE INTELAID DE TECHO PARA PROYECTOR IT-11E,2.000,34.18348,68.36696000,84.74,16.37,23.95,19.32,,SERVICE & ENTERTAINMENT S A
120416,19/05/2026,VG27AQL3A-J,MONITOR 27 ASUS VG27AQL3A QHD 180HZ FAST IPS,10.000,182.35000,1823.50000000,2278.45,454.95,24.95,19.97,,LASET S.A.
122380,13/04/2026,E600-KGNN-S02,GABINETE COOLER MASTER ELITE 600 BLACK 7 ARGB,3.000,74.52000,223.56000000,256.98,33.42,14.95,13,,LASET S.A.
119877,03/09/2025,X870 EAGLE WIFI7,MOTHER GIGABYTE (AM5) X870 EAGLE WIFI7,2.000,195.32000,390.64000000,445.15,54.51,13.95,12.24,,LASET S.A.
122377,13/04/2026,E600-KGNN-S01,GABINETE COOLER MASTER 600 ELITE BLACK ARGB x 4 COOLERS,18.000,59.40000,1069.20000000,1207.72,138.52,12.96,11.47,,LASET S.A.
122530,19/05/2026,A302 TUF H1 GEN II HEADSET NA,AURICULAR ASUS TUF H1 GEN-II USB PC/PS4/PS5 7.1,1.000,43.14000,43.14000000,50.45,7.31,16.94,14.49,,LASET S.A.
102048,06/11/2024,,SERVICIO DE TRANSPORTE,771.000,12.60000,9714.60000000,840.03,-8874.57,-91.35,-1056.46,,New Bytes INC
103852,03/09/2025,TCA-2000-N,LYONN ESTABILIZADOR ELECT. TCA-2000-N,1.000,27.00000,27.00000000,28.55,1.55,5.75,5.44,,SOLYTEC
111756,07/07/2025,31030019402,MOUSE  WIRELESS GENIUS NX-7015 GOLD,2.000,5.45000,10.90000000,12.85,1.95,17.9,15.18,,LASET S.A.
115741,13/05/2026,NT01N535N-256G-N8X,DISCO SSD NETAC N535N M.2 2280 SATAIII 3D NAND SSD 256 GB,2.000,43.74000,87.48000000,100.55,13.07,14.94,13,,LASET S.A.
119086,03/12/2025,ARX 200G SKOLL,GABINETE GAMER AUREOX SKOLL ARX 200G,15.000,13.56000,203.40000000,298.8,95.4,46.9,31.93,,LASET S.A.
119784,25/11/2024,929003498501,ACCESORIOS PHILIPS GRADIENT PC STRIP 24 27 INCH EU,1.000,143.75798,143.75798000,139.39,-4.36,-3.04,-3.13,,SIGNIFY ARGENTINA S.A.
119917,22/05/2026,RZ04-04530100-R3U1,AURICULAR GAMER RAZER BLACKSHARK V2 PRO BLACK HYPERSPEED WIRELESS +BT THX,1.000,152.73000,152.73000000,198.47,45.74,29.95,23.05,,LASET S.A.
121177,19/05/2026,DUAL-RTX5060TI-O16G,PLACA DE VIDEO ASUS DUAL RTX 5060TI 16GB,1.000,567.89000,567.89000000,664.16,96.27,16.95,14.5,,LASET S.A.
122612,22/05/2026,RZ06-05540100-R3U1,JOYSTICK RAZER WOLVERINE V3 PRO 8K WIRELESS + USB PC,3.000,110.84000,332.52000000,399.97,67.45,20.29,16.86,,LASET S.A.
119760,14/04/2025,100-100001084WOF,PROCESADOR AMD (AM5) RYZEN 7 9800X3D,3.000,410.54000,1231.62000000,1387.35,155.73,12.64,11.23,,LASET S.A.
121571,20/01/2026,ASU650SS-512GT-R,DISCO SSD 512GB ADATA SU650 SATA,22.000,58.66000,1290.52000000,1721.61,431.09,33.4,25.04,,LASET S.A.
121713,18/05/2026,SX22F2,MONITOR SOLARMAX 21.5 FULL HD VGA/HDMI NEGRO,3.000,26.91000,80.73000000,151.43,70.7,87.58,46.69,,LASET S.A.
122451,12/03/2026,MILAN-2CN-1TC-G,"TECLA Y TOMACORRIENTE MILAN GRIS MACROLED, 2 CANALES, AC 250V, 10A MAX. BASTIDOR METALICO",3.000,2.79500,8.38500000,10.31,1.93,22.97,18.68,,CORESA GROUP SRL
119007,20/05/2026,31030037401,MOUSE WIRELESS VERTICAL GENIUS ERGO 8300S IRON/GRAY,1.000,8.79000,8.79000000,11.16,2.37,26.95,21.23,,LASET S.A.
119727,16/04/2026,GP-P550SS ICE,FUENTE GAMER GIGABYTE 550W ICE 80 PLUS SILVER ATX 3.0 WHITE,2.000,32.66000,65.32000000,77.19,11.87,18.18,15.38,,LASET S.A.
120169,10/03/2026,GV-R9070XTAORUS E-16GD,PLACA DE VIDEO GIGABYTE  RADEON RX 9070XT AORUS ELITE 16GB,5.000,774.46000,3872.30000000,4567.51,695.21,17.95,15.22,,LASET S.A.
122367,13/04/2026,MLX-D24M-A18PA-RD,WATER COOLER MASTER MASTERLIQUID CORE NEX DIGITAL 240 BLACK ARGB,9.000,57.16000,514.44000000,591.37,76.93,14.95,13.01,,LASET S.A.
104653,21/05/2026,PSD416G32002,MEMORIA PATRIOT SIGNATURE LINE DDR4 16 GB 3200 MHZ PS001558,1.000,115.75000,115.75000000,150.42,34.67,29.95,23.05,,LASET S.A.
121359,20/10/2025,RZ02-03333400-R3M1,MOUSEPAD RAZER GIGANTUS V2 MEDIUM HELLO KITTY EDITION,1.000,24.61000,24.61000000,27.79,3.18,12.94,11.46,,LASET S.A.
122551,28/04/2026,100-100001973WOF,PROCESADOR AMD (AM5)  RYZEN 7 9850X3D,1.000,479.85000,479.85000000,527.63,47.78,9.96,9.05,,LASET S.A.
103750,13/04/2026,DESIRE-500AP LED,LYONN UPS DESIRE-500AP LED,13.000,27.45500,356.91500000,435.32,78.4,21.97,18.01,,SOLYTEC
119038,26/05/2026,B760M E,MOTHER GIGABYTE (LGA1700) B760M E,1.000,76.53000,76.53000000,88.74,12.21,15.95,13.76,,LASET S.A.
119230,24/06/2026,24790,JOYSTICK TRUST MUTA WIRELESS GXT542,1.000,25.12000,25.12000000,33.1,7.98,31.76,24.11,,LASET S.A.
122552,14/04/2026,WDS100T3B0A,DISCO SSD SATA 1TB WD BLUE SA510,2.000,163.38000,326.76000000,388.68,61.92,18.95,15.93,,LASET S.A.
118985,21/05/2026,WDS100T2G0C,DISCO SSD M.2 1TB WD GREEN SN350 NVME,8.000,130.47000,1043.76000000,1270.27,226.51,21.7,17.83,,LASET S.A.
120621,22/05/2025,9S7-15K111-1886,"Notebook MSI Cyborg A13UDX 15.6"" i5-13420H + 16gb (2x8) + 512gb + rtx 3050 6GB Win11",1.000,853.00000,853.00000000,948.19,95.19,11.16,10.04,,LASET S.A.
4999,16/01/2023,31710011100,AURICULAR + MIC HEADSET GENIUS HS-05A,1.000,13.12920,13.12920000,12.73,-0.4,-3.04,-3.14,,New Bytes INC
103825,09/03/2026,21569,MOUSE PAD TRUST XXL GXT 758,1.000,13.44420,13.44420000,16.8,3.35,24.95,19.97,,LASET S.A.
113139,15/10/2025,VOLANS ARX360G,GABINETE GAMER AUREOX VOLANS ARX360G,3.000,18.85000,56.55000000,83.11,26.56,46.96,31.96,,LASET S.A.
115288,09/03/2026,23531,AURICULAR GAMER TRUST FORZE PS4 GXT488 GREY,1.000,26.28000,26.28000000,32.89,6.61,25.17,20.11,,LASET S.A.
119165,20/05/2026,31010026400,MOUSE USB GENIUS DX-101 BLACK,17.000,1.96000,33.32000000,39.7,6.38,19.16,16.08,,LASET S.A.
104775,26/06/2026,PRIME B550M-K,MOTHER ASUS (AM4) PRIME B550M-K,2.000,68.33000,136.66000000,165.83,29.17,21.35,17.59,,LASET S.A.
109623,09/03/2026,21046,PARLANTE BARRA DE SONIDO TRUST ASTO,1.000,23.23000,23.23000000,29.03,5.8,24.96,19.98,,LASET S.A.
121487,13/11/2025,RX-800ACV,FUENTE 800W RAIDMAX VORTEX 80 PLUS WHITE GAMER,5.000,29.73000,148.65000000,208.03,59.38,39.94,28.54,,LASET S.A.
120103,20/05/2026,31250023400,BASE NOTEBOOK GENIUS G-STAND M250 IRON GREY,1.000,9.23000,9.23000000,11.07,1.84,19.9,16.6,,LASET S.A.
113138,24/06/2025,SCULPTOR ARX380G,GABINETE GAMER AUREOX SCULPTOR ARX380G,1.000,24.79000,24.79000000,36.42,11.63,46.93,31.94,,LASET S.A.
119173,17/02/2025,31730046400,PARLANTE BLUETOOTH GENIUS SP-HF385BT MADERA BLACK/GRAY,1.000,13.26000,13.26000000,15.9,2.64,19.92,16.61,,LASET S.A.
119929,11/12/2025,RZ03-05021700-R311,TECLADO GAMER RAZER HUNTSMAN V3 X TENKEYLESS PURPLE CLICKY ESPA�OL,1.000,72.06000,72.06000000,87.87,15.81,21.94,18,,LASET S.A.
122767,26/05/2026,B850M EAGLE WF6E,MOTHER GIGABYTE (AM5) B850M EAGLE WF6E,2.000,136.49000,272.98000000,319.26,46.28,16.95,14.5,,LASET S.A.
115239,20/01/2026,ASU650SS-256GT-R,DISCO SSD 256GB ADATA SU650 SATA,8.000,37.92000,303.36000000,423.92,120.56,39.74,28.44,,LASET S.A.
119957,09/03/2026,24992,AURICULAR GAMER TRUST ZIROX PINK GXT415P,1.000,18.23000,18.23000000,22.78,4.55,24.94,19.96,,LASET S.A.
118065,26/06/2026,TUF GAMING B550M-PLUS WIFI II,MOTHER ASUS (AM4) TUF GAMING B550M-PLUS WI-FI II,7.000,129.41000,905.87000000,1130.18,224.31,24.76,19.85,,LASET S.A.
118258,26/06/2026,PRIME B650M-A II,MOTHER ASUS (AM5) PRIME B650M-A II,2.000,100.42000,200.84000000,246.97,46.13,22.97,18.68,,LASET S.A.
122759,21/05/2026,BX80768270K,PROCESADOR INTEL (LGA1851) CORE ULTRA 7 270K PLUS,1.000,314.44000,314.44000000,367.75,53.31,16.95,14.5,,LASET S.A.
119006,20/05/2026,31030037400,MOUSE WIRELESS VERTICAL GENIUS ERGO 8300S BLACK,2.000,8.79000,17.58000000,21.44,3.86,21.96,18,,LASET S.A.
120478,19/05/2025,ZT-B50700J-10P,PLACA DE VIDEO ZOTAC RTX 5070 12GB SOLID OC,1.000,571.37000,571.37000000,759.61,188.24,32.95,24.78,,LASET S.A.
121445,13/11/2025,MLW-D36M-A18PA-R1,WATER COOLER MASTER MASTERLIQUID 360L CORE II ARGB,1.000,75.14000,75.14000000,85.63,10.49,13.96,12.25,,LASET S.A.
121494,22/05/2026,RZ04-05410400-R3U1,AURICULAR RAZER BLACKSHARK V3 WHITE HYPERSPEED WIRELESS+BT USB THX,1.000,127.21000,127.21000000,157.68,30.47,23.95,19.32,,LASET S.A.
116818,03/06/2024,31030009408,MOUSE MINI WIRELESS GENIUS NX-9000BT SILVER RECARGABLE,1.000,12.90000,12.90000000,9.92,-2.98,-23.07,-29.98,,LASET S.A.
120272,05/05/2026,B850 A ELITE WF7,MOTHER GIGABYTE (AM5) B850 A ELITE WF7,5.000,180.54000,902.70000000,1037.7,135,14.95,13.01,,LASET S.A.
119214,25/08/2025,25433,COMBO TECLADO Y MOUSE TRUST PRIMO WIRELESS DESKSET ES,1.000,9.96000,9.96000000,12.74,2.78,27.91,21.82,,LASET S.A.
121270,19/08/2025,ST2250,CABLE SUBTERRANEO 2X2.5MM TREFI ST2250,22.000,0.88000,19.36000000,24.23,4.87,25.13,20.09,,CONDUC3 SRL
120814,03/09/2025,GB-C201PI,GABINETE GAMER GIGABYTE C201P M-ATX WHITE PANORAMIC,2.000,47.77000,95.54000000,114.61,19.07,19.96,16.64,,LASET S.A.
121085,15/09/2025,CL-P138-CA12SW-A,CPU COOLER THERMALTAKE ASTRIA 400 AIR 6 PIPE SYNC WHITE,2.000,42.28000,84.56000000,99.74,15.18,17.95,15.22,,LASET S.A.
122450,12/03/2026,MILAN-2CN-1TC-B,"TECLA Y TOMACORRIENTE MILAN BLANCO MACROLED, 2 CANALES, AC 250V, 10A MAX. BASTIDOR METALICO",2.000,2.42500,4.85000000,5.96,1.11,22.8,18.57,,CORESA GROUP SRL
122636,20/05/2026,31730058402,PARLANTE GENIUS SP-HF400 PINE WOOD,1.000,21.10000,21.10000000,24.67,3.57,16.94,14.48,,LASET S.A.
116999,19/05/2023,24217,SILLA GAMER TRUST GXT708R RESTO RED,1.000,198.75000,198.75000000,152.98,-45.77,-23.03,-29.92,,New Bytes INC
117304,25/08/2025,23728,MOUSE PAD TRUST BIGFOOT XL,1.000,9.75000,9.75000000,12.37,2.62,26.89,21.19,,LASET S.A.
119026,29/07/2025,A620M H,MOTHER GIGABYTE (AM5) A620M H,2.000,62.60000,125.20000000,140.23,15.03,12,10.72,,LASET S.A.
120533,17/06/2025,CA-1Y8-00S6WN-01,GABINETE GAMER THERMALTAKE VERSA H16 TG ARGB SNOW WHITE TEMP GLASS,3.000,34.55000,103.65000000,116.03,12.38,11.95,10.67,,LASET S.A.
121470,13/11/2025,E502-KGNN-S00,GABINETE COOLER MASTER ELITE 502 (3 Fans ARGB),1.000,45.20000,45.20000000,51.96,6.76,14.95,13.01,,LASET S.A.
122766,26/05/2026,B850M A ELT WF6E,MOTHER GIGABYTE (AM5) B850M AORUS ELITE WF6E,1.000,165.44000,165.44000000,193.48,28.04,16.95,14.49,,LASET S.A.
118120,26/05/2026,B550M K,MOTHER GIGABYTE (AM4) B550M K,6.000,66.23000,397.38000000,449.33,51.95,13.07,11.56,,LASET S.A.
120491,11/12/2025,RZ04-05220200-R3U1,AURICULAR GAMER RAZER BARRACUDA X CHROMA WHITE HYPERSPEED WIRELESS +BT,1.000,107.73000,107.73000000,132.46,24.73,22.95,18.67,,LASET S.A.
121453,13/04/2026,MPW-C001-AFAG,FUENTE COOLER MASTER ELITE GOLD 1200W FM (Full Modular),1.000,111.15000,111.15000000,128.89,17.74,15.96,13.76,,LASET S.A.
122477,12/03/2026,MILAN-TCR-B,"TAPA CIEGA RECTANGULAR MILAN BLANCO MACROLED, BASTIDOR METALICO",16.000,0.91500,14.64000000,17.94,3.3,22.57,18.41,,CORESA GROUP SRL
118859,24/06/2026,24789,JOYSTICK TRUST MUTA PC GXT541,1.000,17.71000,17.71000000,18.41,0.7,3.96,3.81,,LASET S.A.
118982,26/06/2026,PRIME A620M-K,MOTHER ASUS (AM5) PRIME A620M-K,5.000,64.19000,320.95000000,367.59,46.64,14.53,12.69,,LASET S.A.
118212,22/06/2026,WD43PURZ,DISCO HDD 4TB WD PURPLE SURVEILLANCE WD43PURZ,4.000,149.51000,598.04000000,519.17,-78.87,-13.19,-15.19,,LASET S.A.
118864,09/03/2026,25068,MOUSE GAMER TRUST FELOX PINK GXT109P,1.000,6.65000,6.65000000,8.64,1.99,29.91,23.02,,LASET S.A.
121134,22/05/2026,RZ01-05240200-R3U1,MOUSE GAMER RAZER BASILISK V3 PRO WHITE 35K HYPERSPEED WIRELESS,2.000,98.37000,196.74000000,243.86,47.12,23.95,19.32,,LASET S.A.
121246,29/06/2026,LS24D300GALXZB,MONITOR SAMSUNG LED 24 IPS D300 100Mhz FHD,2.000,74.00000,148.00000000,206.74,58.74,39.69,28.41,,Stylus SA
104980,25/06/2021,9H.N23BB.A2E,MOUSE GAMER ZOWIE FK2-B BLACK,2.000,65.31960,130.63920000,67.91,-62.73,-48.02,-92.37,,New Bytes INC
118259,26/09/2025,11324-01-20G,PLACA DE VIDEO SAPPHIRE PULSE RX 7600 OC 8GB,8.000,235.84000,1886.72000000,2484.74,598.02,31.7,24.07,,LASET S.A.
121452,13/04/2026,MPW-A001-AFAG,FUENTE COOLER MASTER ELITE GOLD 1000W FM (Full Modular),5.000,92.53000,462.65000000,564.21,101.56,21.95,18,,LASET S.A.
118079,11/12/2025,RZ04-04430200-R3U1,AURICULAR GAMER RAZER BARRACUDA X WHITE HYPERSPEED WIRELESS +BT +CABLE,1.000,82.08000,82.08000000,101.73,19.65,23.95,19.32,,LASET S.A.
118363,14/04/2026,WDS500G2G0C,DISCO SSD M.2 500GB WD GREEN SN350 NVME,6.000,78.27000,469.62000000,585.23,115.61,24.62,19.75,,LASET S.A.
121681,11/03/2026,WDS200T4X0E,DISCO SSD M.2 2TB WD BLACK SN7100 NVME,1.000,335.84000,335.84000000,422.99,87.15,25.95,20.6,,LASET S.A.
122561,18/05/2026,SX27C9,MONITOR SOLARMAX 27 120 HZ FRAMELESS CURVO FHD HDMI VGA,4.000,67.54000,270.16000000,440.21,170.05,62.94,38.63,,LASET S.A.
120726,12/03/2026,MILAN-1CN-N,"TECLA MILAN NEGRO MACROLED, 1 CANAL, 2 VIAS, AC 250V, 10A MAX. BASTIDOR METALICO",1.000,1.63000,1.63000000,2.44,0.81,49.68,33.19,,CORESA GROUP SRL
121380,09/03/2026,25762,ACCESORIOS TRUST ESTUCHE RIGIDO XL PARA NINTENDO SWITCH 2 BLACK GXT1252,1.000,14.82000,14.82000000,18.81,3.99,26.91,21.21,,LASET S.A.
121491,22/05/2026,RZ04-05400100-R3U1,AURICULAR RAZER BLACKSHARK V3 PRO BLACK HYPERSPEED WIRELESS+BT ANC THX,2.000,212.00000,424.00000000,525.54,101.54,23.95,19.32,,LASET S.A.
117987,29/07/2025,B650 AORUS ELITE AX,MOTHER GIGABYTE (AM5) B650 AORUS ELITE AX,1.000,193.81000,193.81000000,213.11,19.3,9.96,9.06,,LASET S.A.
119112,27/06/2024,H390 HEADSET ROSE,AURICULAR LOGITECH H390 HEADSET ROSE,1.000,31.84491,31.84491000,37.88,6.04,18.96,15.94,,CORCISA SA
119719,03/09/2025,X870 GAMING X WIFI7,MOTHER GIGABYTE (AM5) X870 GAMING X WIFI7,2.000,214.42000,428.84000000,489.53,60.69,14.15,12.4,,LASET S.A.
103094,22/06/2026,YD3200C5FHBOX,PROCESADOR AMD (AM4) RYZEN 3 3200G,1.000,54.52000,54.52000000,75.2,20.68,37.94,27.5,,LASET S.A.
117727,12/02/2026,100-100000591WOF,PROCESADOR AMD (AM5) RYZEN 7 7700X,1.000,300.29000,300.29000000,336.19,35.9,11.96,10.68,,LASET S.A.
120153,01/08/2025,LS360WT ARGB,WATER COOLER CPU RAIDMAX INFINITA LS360 ARGB WHITE,1.000,58.41000,58.41000000,61.66,3.25,5.56,5.27,,LASET S.A.
121499,22/05/2026,RZ01-05570100-R3U1,MOUSE GAMER RAZER COBRA HYPERSPEED WIRELESS 26K,2.000,61.48000,122.96000000,140.98,18.02,14.65,12.78,,LASET S.A.
120361,09/02/2026,PRIME-RX9070-O16G,PLACA DE VIDEO ASUS PRIME RX 9070 16GB OC,2.000,591.77000,1183.54000000,1484.49,300.95,25.43,20.27,,LASET S.A.
121560,26/12/2025,RX9070XT CL16G,PLACA DE VIDEO ASROCK RX9070XT 16GB CHALLENGER,1.000,575.85000,575.85000000,748.3,172.45,29.95,23.05,,LASET S.A.
113140,15/10/2025,PICTOR ARX370G,GABINETE GAMER AUREOX PICTOR ARX370G,10.000,19.99000,199.90000000,293.76,93.86,46.95,31.95,,LASET S.A.
116714,22/06/2026,100-100000926WOF,PROCESADOR AMD (AM4) RYZEN 7 5700X (SIN COOLER),4.000,192.36000,769.44000000,872.21,102.77,13.36,11.78,,LASET S.A.
118112,31/03/2026,A520M-HDV,MOTHER ASROCK (AM4) A520M-HDV,3.000,42.50000,127.50000000,142.57,15.07,11.82,10.57,,LST GLOBAL
120550,15/09/2025,TPD-850AH2FXG-3,FUENTE GAMER THERMALTAKE TP GT 850W ANALOG 80 PLUS GOLD,1.000,75.37000,75.37000000,91.16,15.79,20.95,17.32,,LASET S.A.
121458,13/04/2026,HTK-002-U1,GRASA SILICONADA COOLER MASTER HIGH PERFORMANCE,4.000,2.50000,10.00000000,12.4,2.4,24.02,19.37,,LASET S.A.
102393,08/05/2026,CPU G60 GRIS,GRASA SILICONADA  PASTERMAX PARA CPU G60 (GRIS) PASTA TERMICA,3.000,1.32198,3.96594000,5.54,1.57,39.63,28.38,,RUBI�O ANABEL ROMINA
104829,15/10/2025,ARXE-500,FUENTE AUREOX 500W ARXE-500,6.000,8.15000,48.90000000,76.25,27.35,55.94,35.87,,LASET S.A.
121372,09/03/2026,25708,MOUSE TRUST FYDA MULTIDISPOSITIVO WIRELESS,1.000,10.21000,10.21000000,12.76,2.55,24.98,19.99,,LASET S.A.
122761,21/05/2026,WDS100T5B0E,DISCO SSD 1TB M.2 WD BLUE SN5100 NVME,12.000,155.52000,1866.24000000,2145.92,279.68,14.99,13.03,,LASET S.A.
120816,29/07/2025,A620M DS3H,MOTHER GIGABYTE (AM5) A620M DS3H,1.000,88.57000,88.57000000,100.93,12.36,13.95,12.24,,LASET S.A.
118223,05/08/2025,PEF256GRLB32U,PEN DRIVE PATRIOT RAGE LITE 256GB USB 3.2 PE000849,1.000,15.89000,15.89000000,33.99,18.1,113.88,53.25,,LASET S.A.
118839,22/06/2026,100-100001488BOX,PROCESADOR AMD (AM4) RYZEN 5 5600GT,12.000,128.45000,1541.40000000,1836.98,295.58,19.18,16.09,,LASET S.A.
121687,10/03/2026,GV-R907XGAMINGOCICE-16GD,PLACA DE VIDEO GIGABYTE  RADEON RX 9070XT GAMING ICE 16GB,1.000,728.35000,728.35000000,829.98,101.63,13.95,12.25,,LASET S.A.
122355,,CLW360DIGI,WATER COOLER ASROCK CHALLENGER 360 DIGITAL WHITE,2.000,85.53000,171.06000000,196.64,25.58,14.95,13.01,,LASET S.A.
109353,21/05/2026,PBE480GS25SSDR,DISCO SSD PATRIOT BURST ELITE SOLID 480 GB SATA3  PE000777,1.000,66.14000,66.14000000,85.95,19.81,29.94,23.04,,LASET S.A.
121691,10/03/2026,GV-N506TAERO OC-8GD,PLACA DE VIDEO GIGABYTE RTX 5060TI AERO 8GB,1.000,451.78000,451.78000000,514.82,63.04,13.95,12.25,,LASET S.A.
122554,14/04/2026,SDCZ50-064G-B35,PEN DRIVE 64GB SANDISK CRUZER BLADE CZ50,1.000,8.31000,8.31000000,10.38,2.07,24.95,19.97,,LASET S.A.
120007,15/09/2025,PS-SPD-0700NPCWAG-W,FUENTE THERMALTAKE SMART 700W 80 PLUS WHITE,2.000,44.57000,89.14000000,103.37,14.23,15.96,13.76,,LASET S.A.
121145,07/05/2026,LS22D300GALXZB,MONITOR SAMSUNG LED 22 IPS D300 100Mhz FHD,1.000,75.32181,75.32181000,94.1,18.78,24.93,19.96,,Stylus SA
121442,13/04/2026,MLX-D36M-A18PA-R1,WATER COOLER MASTER MASTERLIQUID 360 CORE NEX ARGB,5.000,66.15000,330.75000000,403.36,72.61,21.95,18,,LASET S.A.
113156,21/05/2026,P300P256GM28,DISCO SSD PATRIOT P300 256 GB M.2 2280 PCIE GEN3 X4 PE000689,2.000,48.15000,96.30000000,116.47,20.17,20.95,17.32,,LASET S.A.
122441,12/03/2026,MILAN-1TC-G,"TOMACORRIENTE MILAN GRIS MACROLED, AC 250V, 10A MAX. BASTIDOR METALICO",10.000,1.42000,14.20000000,17.44,3.24,22.8,18.57,,CORESA GROUP SRL
122559,18/05/2026,SX27F7,MONITOR SOLARMAX 27 100 HZ IPS FRAMELESS FHD HDMI VGA,1.000,65.16000,65.16000000,101.93,36.77,56.43,36.07,,LASET S.A.
